ID_individual,wound_type,wound_Stage,Species,Sex,Length_mm,Weight_g
CHIN_2000_002,A,early,CHIN,F,84.4,6.5
CHIN_2000_002,A,early,CHIN,F,84.4,6.5
CHIN_2000_002,A,mid,CHIN,F,84.4,6.5
CHIN_2000_003,A,mid,CHIN,M,92,8.38
CHIN_2000_004,B,late,CHIN,M,96,9.16
CHIN_2000_013,A,mid,CHIN,M,79,4.39
CHIN_2000_015,B,early,CHIN,M,73.5,5.21
CHIN_2000_015,A,late,CHIN,M,73.5,5.21
CHIN_2000_017,B,early,CHIN,F,93,7.75
CHIN_2000_018,A,mid,CHIN,M,79.2,3.99
CHIN_2000_020,A,late,CHIN,M,58,5.68
ATS_2000_008, B,early,ATS,F,55,
CHIN_2000_029,A,late,CHIN,M,67,6.69
CHIN_2000_031,A,late,CHIN,M,65,8.22
ATS_2001_002,A,late,ATS,F,69.9,3.72
ATS_2001_003,A,late,ATS,F,63.5,2.54
ATS_2001_004,B,late,ATS,F,62.9,2.76
ATS_2001_006,B,late,ATS,F,72.4,3.71
ATS_2001_008,B,early,ATS,F,71.1,4.3
CHIN_2001_004,B,late,CHIN,F,87.6,6.16
ATS_2001_009,B,late,ATS,F,73.7,5.12
ATS_2001_012,A,mid,ATS,M,59.7,2.04
ATS_2001_013,B,late,ATS,M,76.2,3.58
CHIN_2001_006,A,mid,CHIN,M,63.5,2.4
ATS_2001_014,A,late,ATS,M,81.3,4.17
ATS_2001_015,B,early,ATS,F,75.6,3.93
ATS_2001_017,B,early,ATS,F,73,4.03
ATS_2001_018,A,late,ATS,F,73.7,3.67
ATS_2001_019,A,early,ATS,M,68.6,2.94
ATS_2001_020,A,mid,ATS,F,68.6,3.3
ATS_2001_021,A,late,ATS,F,76.8,3.67
CHIN_2001_008,A,late,CHIN,M,101.6,10.25
ATS_2001_025,A,early,ATS,M,81.3,4.26
CHIN_2001_010,A,mid,CHIN,M,60.3,2.08
ATS_2001_028,B,mid,ATS,M,75.9,3.71
ATS_2001_029,B,late,ATS,M,61,1.95
ATS_2001_032,B,late,ATS,F,76.8,4.26
ATS_2001_033,A,late,ATS,F,74.9,3.81
ATS_2001_035,B,late,ATS,F,69.9,2.86
CHIN_2001_013,A,mid,CHIN,M,95.3,6.12
CHIN_2001_014,B,late,CHIN,M,95.3,7.38
CHIN_2001_015,A,late,CHIN,F,90.2,6.87
ATS_2001_036,A,late,ATS,M,81.9,5.76
CHIN_2001_017,A,late,CHIN,M,92.7,7.34
CHIN_2001_018,B,late,CHIN,M,58.4,1.85
ATS_2001_042,A,early,ATS,F,72.4,1.92
CHIN_2001_020,A,early,CHIN,F,68.6,9.29
CHIN_2001_021,A,late,CHIN,M,96.5,8.21
CHIN_2001_022,A,mid,CHIN,F,71.1,5.87
CHIN_2001_024,B,mid,CHIN,M,87.6,5.76
ATS_2001_047,B,late,ATS,F,71.1,3.46
CHIN_2001_027,B,late,CHIN,M,94.6,7.43
CHIN_2001_028,A,late,CHIN,M,104.8,11.66
CHIN_2001_030,A,late,CHIN,M,94,7.51
ATS_2001_048,B,mid,ATS,F,57.8,1.73
CHIN_2001_033,B,early,CHIN,F,94,8.8
CHIN_2001_034,A,mid,CHIN,M,101.3,6.9
ATS_2001_051,A,late,ATS,F,74.9,4.24
ATS_2001_052,B,late,ATS,M,64.1,2.37
ATS_2001_053,B,early,ATS,F,77.5,4.33
CHIN_2001_036,B,late,CHIN,M,88.6,6.29
CHIN_2001_037,A,late,CHIN,M,63.5,2.6
CHIN_2001_039,A,early,CHIN,F,84.5,5.53
ATS_2001_056,A,late,ATS,M,61.6,1.88
ATS_2001_057,A,mid,ATS,M,69.2,1.81
ATS_2001_058,A,late,ATS,M,64.8,1.13
ATS_2001_059,A,early,ATS,M,76.8,4.3
ATS_2001_060,B,mid,ATS,M,62.2,1.96
CHIN_2001_040,B,late,CHIN,F,85.1,6.35
CHIN_2001_041,B,late,CHIN,M,77.5,4.59
CHIN_2001_043,B,mid,CHIN,F,94.6,6.3
CHIN_2001_044,A,mid,CHIN,M,97.8,6.8
ATS_2001_061,A,mid,ATS,M,63.5,2.09
ATS_2001_062,A,late,ATS,M,84.5,4.54
ATS_2001_064,B,early,ATS,M,77.5,4.76
ATS_2001_065,A,late,ATS,M,63.5,2.18
ATS_2001_066,A,mid,ATS,M,71.1,2.49
ATS_2001_067,B,early,ATS,F,73.7,5.49
CHIN_2001_052,A,mid,CHIN,M,80,4.35
ATS_2001_068,B,late,ATS,F,71.8,3.66
CHIN_2001_055,A,late,CHIN,F,83.2,4.35
CHIN_2001_058,A,mid,CHIN,M,101.6,9.28
CHIN_2001_059,B,early,CHIN,M,83.8,4.88
CHIN_2001_060,B,late,CHIN,F,83.8,6.03
CHIN_2001_062,A,late,CHIN,M,81.3,4.72
CHIN_2001_066,A,late,CHIN,M,60.3,1.95
CHIN_2001_068,B,early,CHIN,M,81.8,4.58
CHIN_2001_071,A,early,CHIN,F,59.7,2.13
ATS_2001_071,A,early,ATS,M,62.9,1.91
CHIN_2001_074,A,early,CHIN,M,96.5,6.8
CHIN_2001_077,A,late,CHIN,F,88.9,6.94
CHIN_2001_080,A,late,CHIN,F,83.8,5.35
ATS_2001_075,A,late,ATS,F,72.4,3.76
ATS_2001_076,B,late,ATS,F,53.7,2.49
ATS_2001_078,B,mid,ATS,F,50.2,1.41
CHIN_2001_083,A,early,CHIN,M,91.4,7.21
ATS_2001_079,B,late,ATS,F,72.4,3.86
CHIN_2001_086,A,mid,CHIN,F,70.5,4.51
CHIN_2001_087,B,early,CHIN,M,87.6,5.97
ATS_2001_080,A,mid,ATS,F,72.4,2.93
CHIN_2001_093,A,mid,CHIN,F,83.8,5.9
CHIN_2001_099,B,mid,CHIN,M,82.6,4.54
ATS_2001_083,B,late,ATS,F,61,1.68
CHIN_2001_100,B,late,CHIN,F,67.3,2.51
CHIN_2001_101,B,late,CHIN,M,88.3,6.08
CHIN_2001_102,B,late,CHIN,F,80,4.54
ATS_2001_087,A,early,ATS,M,59.1,1.52
CHIN_2001_105,A,early,CHIN,M,83.8,5.64
ATS_2001_088,A,late,ATS,F,71.1,4.72
CHIN_2001_106,B,late,CHIN,M,73.7,3.09
ATS_2001_093,A,early,ATS,M,61,1.72
ATS_2001_094,A,late,ATS,M,62.2,1.63
ATS_2001_095,A,mid,ATS,M,64.8,2.18
ATS_2001_097,B,late,ATS,F,59.7,1.91
CHIN_2001_113,A,mid,CHIN,M,88.3,5.78
CHIN_2001_114,A,mid,CHIN,M,101,8.35
ATS_2001_100,A,late,ATS,F,74.3,4.38
CHIN_2001_117,B,mid,CHIN,M,87.6,5.45
CHIN_2001_118,B,early,CHIN,F,87,6.03
ATS_2001_101,A,early,ATS,F,76.2,4.05
CHIN_2001_119,A,late,CHIN,M,90.2,6.53
CHIN_2001_120,B,late,CHIN,M,60.3,2.25
CHIN_2001_121,B,late,CHIN,M,92.7,6.58
ATS_2001_102,A,late,ATS,F,76.2,4.1
ATS_2001_103,B,mid,ATS,F,62.9,2.36
ATS_2001_104,A,early,ATS,F,76.2,4.36
CHIN_2001_126,A,late,CHIN,M,47.6,0.93
ATS_2001_106,A,late,ATS,F,56.5,2.04
CHIN_2001_129,B,late,CHIN,M,92.7,7.14
CHIN_2001_130,B,mid,CHIN,M,80,3.98
CHIN_2001_131,A,mid,CHIN,F,85.1,6.55
CHIN_2001_132,B,late,CHIN,F,73.7,4.15
CHIN_2001_133,A,late,CHIN,M,81.3,4.4
CHIN_2001_135,A,late,CHIN,M,80,5.72
CHIN_2001_136,B,late,CHIN,M,90.2,6.21
CHIN_2001_137,B,late,CHIN,F,82.6,5.9
ATS_2001_107,A,mid,ATS,M,62.2,1.8
CHIN_2001_138,A,late,CHIN,F,94,9.06
CHIN_2001_141,A,mid,CHIN,M,79.4,3.86
CHIN_2001_145,A,early,CHIN,M,81.9,4.85
CHIN_2001_146,A,early,CHIN,M,85.1,6.17
RBT_2001_003,B,early,RBT,F,60.3,2.77
ATS_2002_001,A,mid,ATS,M,75.5,
CHIN_2002_002,B,mid,CHIN,M,66.5,
CHIN_2002_005,A,mid,CHIN,M,94,
CHIN_2002_006,B,mid,CHIN,F,82,
ATS_2002_003,A,late,ATS,M,80.5,
CHIN_2002_010,B,mid,CHIN,F,84,
CHIN_2002_011,A,mid,CHIN,M,90,
CHIN_2002_013,A,early,CHIN,M,48.5,
ATS_2002_001,B,mid,ATS,M,75.5,
CHIN_2002_019,B,mid,CHIN,M,83.5,
CHIN_2002_020,B,mid,CHIN,M,81.5,
CHIN_2002_022,A,early,CHIN,F,84,
CHIN_2002_024,B,mid,CHIN,M,61.5,
CHIN_2002_026,B,early,CHIN,M,79.5,
ATS_2002_008,A,late,ATS,M,85,
ATS_2002_008,B,early,ATS,M,85,
COHO_2002_001,B,early,COHO,M,61.5,
ATS_2002_011,A,late,ATS,M,81.5,
ATS_2002_016,A,late,ATS,F,73.9,
ATS_2002_016,A,late,ATS,F,73.9,
ATS_2002_017,A,mid,ATS,F,73,
CHIN_2002_036,B,late,CHIN,M,67,
CHIN_2002_038,A,early,CHIN,M,86,
CHIN_2002_038,A,late,CHIN,M,86,
CHIN_2002_041,B,early,CHIN,M,81,
CHIN_2002_045,B,early,CHIN,M,72,
CHIN_2002_047,B,mid,CHIN,F,80.5,
CHIN_2002_048,B,mid,CHIN,M,75,
ATS_2002_021,B,mid,ATS,M,54.6,
CHIN_2002_052,A,late,CHIN,M,92,
CHIN_2002_053,B,early,CHIN,M,87,
CHIN_2002_054,A,early,CHIN,M,69.5,
ATS_2002_025,B,late,ATS,F,57.3,
ATS_2002_026,B,late,ATS,M,52.4,
ATS_2002_027,B,late,ATS,F,59.5,
ATS_2002_028,B,late,ATS,F,52,
ATS_2002_029,B,late,ATS,M,65.1,
CHIN_2002_057,B,early,CHIN,M,87.6,
CHIN_2002_057, A,mid,CHIN,M,87.6,
CHIN_2002_057, A,mid,CHIN,M,87.6,
ATS_2002_030,B,late,ATS,F,81,
ATS_2002_032,B,late,ATS,M,85.5,
ATS_2002_034,A,mid,ATS,M,89,
ATS_2002_035,B,late,ATS,M,75.5,
ATS_2002_036,B,late,ATS,M,46,
ATS_2002_037,B,late,ATS,M,68,
CHIN_2002_061,A,late,CHIN,F,85,
ATS_2002_038,B,late,ATS,F,80,
ATS_2002_038, B,late,ATS,F,80,
ATS_2002_038, B,mid,ATS,F,80,
ATS_2002_041,B,late,ATS,M,61,
ATS_2002_041, B,late,ATS,M,61,
CHIN_2002_066,B,mid,CHIN,M,82,
CHIN_2002_067,A,mid,CHIN,M,45,
ATS_2002_042,B,mid,ATS,M,84.1,
ATS_2002_043,B,late,ATS,M,60,
ATS_2002_043,B,mid,ATS,M,60,
CHIN_2002_069,B,mid,CHIN,M,81,
ATS_2002_046,B,mid,ATS,M,87.1,
ATS_2002_048,B,mid,ATS,M,57.3,
ATS_2002_050,B,early,ATS,M,79,
ATS_2002_053,B,early,ATS,M,82.5,
ATS_2002_054,B,early,ATS,M,62.7,
ATS_2002_057,B,mid,ATS,M,59,
CHIN_2002_080,A,early,CHIN,M,69,
CHIN_2002_081,A,mid,CHIN,M,71,
CHIN_2002_081, A,mid,CHIN,M,71,
ATS_2002_059,B,late,ATS,F,60,
CHIN_2002_087,B,mid,CHIN,F,80,
CHIN_2002_092,B,mid,CHIN,M,79,9.96
ATS_2002_061,B,mid,ATS,F,72,
ATS_2002_061,B,late,ATS,F,72,
ATS_2002_061,B,late,ATS,F,72,
CHIN_2002_095,A,mid,CHIN,M,89,16.72
ATS_2002_062,A,mid,ATS,M,79,
CHIN_2002_099,A,mid,CHIN,M,85,12.06
CHIN_2002_102,B,mid,CHIN,M,63,4.32
ATS_2002_063,A,mid,ATS,M,54,
CHIN_2002_104,B,late,CHIN,M,70.3,
ATS_2002_065,B,mid,ATS,F,72.4,
ATS_2002_068,B,late,ATS,F,57.5,
CHIN_2002_106,B,mid,CHIN,F,79.8,
ATS_2002_070,A,late,ATS,M,61,
CHIN_2002_110,B,late,CHIN,M,86.3,
ATS_2002_074,A,mid,ATS,M,58,
CHIN_2002_117,A,mid,CHIN,M,90,
CHIN_2002_119,B,late,CHIN,M,78,
CHIN_2002_119,B,late,CHIN,M,78,
CHIN_2002_123,A,early,CHIN,F,57,
CHIN_2002_123,B,mid,CHIN,F,57,
CHIN_2002_124,A,mid,CHIN,M,88,
ATS_2002_079,B,mid,ATS,M,75.9,
ATS_2002_079,B,late,ATS,M,75.9,
ATS_2002_081,B,late,ATS,F,74,
ATS_2002_081,B,late,ATS,F,74,
CHIN_2002_130,B,mid,CHIN,M,89,
CHIN_2002_130,B,late,CHIN,M,89,
ATS_2002_082,B,late,ATS,M,80.5,
ATS_2002_083,A,mid,ATS,F,75,
ATS_2002_084,B,late,ATS,F,73.5,
CHIN_2002_136,B,early,CHIN,M,71,
ATS_2002_086,B,mid,ATS,F,75,
ATS_2002_088,B,mid,ATS,M,57,
ATS_2002_090,B,mid,ATS,F,60,
ATS_2002_091,A,early,ATS,M,79.1,
ATS_2002_092,A,mid,ATS,F,76,
ATS_2002_092,B,late,ATS,F,76,
ATS_2002_093,B,late,ATS,F,74,
ATS_2002_093,B,mid,ATS,F,74,
CHIN_2002_145,A,mid,CHIN,M,78,
CHIN_2002_145,A,mid,CHIN,M,78,
CHIN_2002_145,A,mid,CHIN,M,78,
CHIN_2002_145,B,mid,CHIN,M,78,
ATS_2002_096,B,late,ATS,F,66,
ATS_2002_097,B,late,ATS,F,75,
ATS_2002_099,B,late,ATS,F,77.6,
ATS_2002_099,B,early,ATS,F,77.6,
ATS_2002_100,B,late,ATS,F,76.1,
CHIN_2002_149,A,mid,CHIN,F,83.6,
CHIN_2002_150,A,mid,CHIN,M,58.2,
CHIN_2003_002,B,mid,CHIN,F,73.7,
CHIN_2003_005,B,late,CHIN,F,99.7,
CHIN_2003_006,B,late,CHIN,M,85.1,
CHIN_2003_007,B,late,CHIN,M,71.1,
ATS_2003_003,B,mid,ATS,M,69.9,
CHIN_2003_013,A,late,CHIN,M,85.7,
CHIN_2003_014,A,mid,CHIN,M,75.6,
CHIN_2003_017,A,mid,CHIN,F,85.1,
ATS_2003_008,A,mid,ATS,M,78.7,
CHIN_2003_020,A,early,CHIN,M,76.2,
CHIN_2003_021,B,mid,CHIN,F,96.5,
ATS_2003_012,A,late,ATS,M,72.4,
CHIN_2003_035,B,late,CHIN,M,91.4,
ATS_2003_013,A,late,ATS,M,73.7,
CHIN_2003_038,B,early,CHIN,M,99.1,
ATS_2003_015,B,late,ATS,M,67.3,
CHIN_2003_047,A,late,CHIN,F,77.5,
CHIN_2003_049,B,mid,CHIN,F,92.7,
CHIN_2003_051,B,late,CHIN,M,67.3,
ATS_2003_019,A,late,ATS,M,69.9,
CHIN_2003_056,A,mid,CHIN,M,78.7,
CHIN_2003_057,A,mid,CHIN,M,96.5,
CHIN_2003_058,B,late,CHIN,F,77.5,
CHIN_2003_059,A,mid,CHIN,M,76.8,
ATS_2003_021,B,late,ATS,M,70.5,
CHIN_2003_060,B,mid,CHIN,M,75.6,
CHIN_2003_061,B,mid,CHIN,M,59.1,
CHIN_2003_063,B,late,CHIN,F,89.5,
CHIN_2003_064,B,mid,CHIN,M,94,
CHIN_2003_069,A,late,CHIN,M,96.5,
ATS_2003_023,B,mid,ATS,M,68.9,
ATS_2003_024,B,late,ATS,M,52.1,
CHIN_2003_073,B,early,CHIN,M,80.6,
ATS_2003_028,B,early,ATS,M,57.8,
CHIN_2003_075,B,late,CHIN,M,68.6,
CHIN_2003_078,B,early,CHIN,F,81.3,
ATS_2003_036,B,mid,ATS,M,85.1,
ATS_2003_037,B,mid,ATS,M,74.9,
ATS_2003_039,B,late,ATS,M,72.4,
ATS_2003_040,B,late,ATS,F,64.8,
ATS_2003_041,B,late,ATS,F,68.8,
ATS_2003_042,B,late,ATS,F,75.7,
CHIN_2003_090,B,mid,CHIN,M,59.7,
CHIN_2003_092,A,late,CHIN,F,71.1,
CHIN_2003_094,A,early,CHIN,M,87,
CHIN_2003_097,B,mid,CHIN,M,71.1,
ATS_2003_046,B,mid,ATS,F,66,
ATS_2003_047,B,late,ATS,M,73.7,
ATS_2003_048,B,early,ATS,M,70.5,
CHIN_2003_099,A,late,CHIN,F,91.7575,
ATS_2003_052,A,late,ATS,M,73.9775,
ATS_2003_053,B,late,ATS,F,66.675,
ATS_2003_054,A,mid,ATS,M,74.295,
CHIN_2003_102,B,late,CHIN,M,70.485,
ATS_2003_056,A,early,ATS,M,73.025,
CHIN_2003_106,A,mid,CHIN,M,76.5175,
CHIN_2003_108,A,mid,CHIN,M,95.25,
CHIN_2003_109,B,late,CHIN,M,73.66,
CHIN_2003_111,A,mid,CHIN,M,76.835,
CHIN_2003_112,B,late,CHIN,M,75.565,
ATS_2003_061,B,early,ATS,F,69.85,
ATS_2003_065,A,late,ATS,F,73.025,
ATS_2003_069,B,early,ATS,F,67.945,
ATS_2003_070,B,mid,ATS,F,63.5,
CHIN_2003_117,A,late,CHIN,M,85.1,
ATS_2003_071,B,late,ATS,F,71.4375,
CHIN_2003_119,B,early,CHIN,M,86.6775,
ATS_2003_072,A,early,ATS,M,76.5175,
ATS_2003_077,B,late,ATS,F,72.39,
ATS_2003_079,B,late,ATS,F,77.47,
CHIN_2003_121,A,late,CHIN,M,78.74,
ATS_2003_080,B,late,ATS,F,68.8975,
ATS_2003_081,A,mid,ATS,M,74.93,
ATS_2003_082,A,late,ATS,F,63.8175,
ATS_2003_083,B,early,ATS,M,78.105,
CHIN_2003_124,A,early,CHIN,F,77.47,
ATS_2003_087,B,early,ATS,F,63.5,
ATS_2003_088,A,mid,ATS,M,73.66,
ATS_2003_089,B,late,ATS,M,71.755,
CHIN_2003_133,A,mid,CHIN,M,64.77,
ATS_2003_093,B,late,ATS,F,67.31,
ATS_2003_097,A,early,ATS,M,73.66,
CHIN_2003_137,B,mid,CHIN,M,77.47,
CHIN_2003_137, B,late,CHIN,M,77.47,
ATS_2003_102,B,mid,ATS,M,67.945,
ATS_2003_104,B,late,ATS,F,62.865,
CHIN_2003_141,A,early,CHIN,M,75.9,
ATS_2003_109,A,early,ATS,F,72.4,
CHIN_2003_146,B,early,CHIN,F,88.9,
ATS_2003_111,B,mid,ATS,M,73,
ATS_2003_112,B,late,ATS,F,66.7,
ATS_2003_113,B,early,ATS,F,61.3,
ATS_2003_114,B,late,ATS,M,74.3,
ATS_2003_115,A,mid,ATS,F,67.9,
ATS_2003_115, B,late,ATS,F,67.9,
ATS_2003_117,B,late,ATS,F,66.4,
ATS_2003_117, B,late,ATS,F,66.4,
ATS_2003_118,B,late,ATS,F,74,
ATS_2003_119,A,early,ATS,F,67.3,
CHIN_2003_151,B,late,CHIN,M,74.93,
ATS_2003_121,B,early,ATS,M,71.755,
CHIN_2003_152,B,mid,CHIN,M,80.01,
ATS_2003_123,B,late,ATS,F,66.04,
ATS_2003_125,B,late,ATS,F,62.23,
ATS_2003_126,A,early,ATS,M,69.215,
ATS_2003_128,B,late,ATS,F,64.77,
ATS_2003_129,B,late,ATS,F,61.595,
ATS_2003_130,A,early,ATS,M,74.295,
ATS_2003_132,B,early,ATS,F,68.58,
ATS_2003_133,A,late,ATS,F,66.04,
ATS_2003_137,B,late,ATS,F,70.8025,
ATS_2003_138,B,late,ATS,F,70.485,
ATS_2003_141,B,mid,ATS,F,71.4,2.98
ATS_2003_142,B,late,ATS,F,69,3.3
ATS_2003_145,A,mid,ATS,F,69.5,3.55
ATS_2003_146,B,mid,ATS,F,67.5,2.8
ATS_2003_150,B,late,ATS,F,68.5,2.62
ATS_2003_153,B,late,ATS,F,65,2.4
ATS_2003_157,A,late,ATS,M,73.2,2.86
ATS_2004_001,A,late,ATS,F,74.9,3.4
ATS_2004_004,B,late,ATS,F,78.4,3.73
ATS_2004_008,A,early,ATS,M,62.2,2.31
ATS_2004_008,A,early,ATS,M,62.2,2.31
ATS_2004_009,A,late,ATS,M,62,2.05
ATS_2004_013,A,mid,ATS,M,56.6,1.52
ATS_2004_021,B,late,ATS,M,71.1,2.87
ATS_2004_022,A,early,ATS,M,59.5,1.58
ATS_2004_024,B,late,ATS,F,64.8,2.51
ATS_2004_025,A,mid,ATS,M,54.8,1.22
ATS_2004_026,B,late,ATS,F,58.4,2.09
ATS_2004_027,A,mid,ATS,M,68.3,2.38
ATS_2004_027,A,late,ATS,M,68.3,2.38
ATS_2004_028,B,late,ATS,F,63.5,2.24
ATS_2004_030,B,late,ATS,M,51.9,1.57
ATS_2004_035,A,late,ATS,M,64.5,2.16
ATS_2004_037,A,early,ATS,F,53.5,1.39
ATS_2004_041,A,early,ATS,M,47.2,0.97
ATS_2004_042,B,late,ATS,F,69.5,2.41
ATS_2004_042,B,late,ATS,F,69.5,2.41
ATS_2004_043,B,late,ATS,F,61.7,1.98
ATS_2004_044,B,late,ATS,F,52.7,2.18
ATS_2004_047,A,late,ATS,F,55.5,1.9
ATS_2004_050,B,late,ATS,F,72,4
ATS_2004_051,B,late,ATS,F,59.5,2.07
ATS_2004_051,B,late,ATS,F,59.5,2.07
ATS_2004_052,A,mid,ATS,F,59,1.67
ATS_2004_052,A,mid,ATS,F,59,1.67
ATS_2004_052,B,late,ATS,F,59,1.67
ATS_2004_055,B,late,ATS,M,56.6,1.56
ATS_2004_056,B,late,ATS,F,64.5,2.27
ATS_2004_056,B,late,ATS,F,64.5,2.27
ATS_2004_056,B,late,ATS,F,64.5,2.27
ATS_2004_063,B,late,ATS,F,65.3,2.7
ATS_2004_063,B,mid,ATS,F,65.3,2.7
ATS_2004_063,B,mid,ATS,F,65.3,2.7
ATS_2004_067,A,late,ATS,M,56,1.71
ATS_2004_069,A,mid,ATS,F,55.5,1.63
ATS_2004_071,B,late,ATS,F,67,2.78
ATS_2004_079,B,late,ATS,F,53,1.34
ATS_2004_080,A,early,ATS,M,68.4,2.73
ATS_2004_081,B,late,ATS,F,63.6,2.02
ATS_2004_082,B,late,ATS,F,47.8,1.27
ATS_2004_082,B,late,ATS,F,47.8,1.27
ATS_2004_085,B,late,ATS,M,54,1.3
ATS_2004_087,B,late,ATS,F,67,2.49
ATS_2004_090,3B,late,ATS,F,66.5,2.5
ATS_2004_091,2B,early,ATS,M,55.8,1.65
CHIN_2004_022,2A,early,CHIN,M,59.6,1.72
ATS_2004_092,B,late,ATS,M,58.5,1.9
ATS_2004_093,B,early,ATS,M,57.4,1.4
ATS_2004_097,B,late,ATS,M,73.5,3.23
ATS_2004_107,B,late,ATS,M,53,1.84
ATS_2004_108,A,late,ATS,M,78.7,3
ATS_2004_108,B,late,ATS,M,78.7,3
ATS_2004_109,B,late,ATS,M,52.6,1.02
ATS_2004_109,B,late,ATS,M,52.6,1.02
ATS_2004_111,B,late,ATS,F,51,1.57
ATS_2004_112,B,late,ATS,M,61,1.8
CHIN_2004_024,B,mid,CHIN,F,82,4.3
CHIN_2004_025,A,early,CHIN,M,74.7,3.14
CHIN_2004_025,B,mid,CHIN,M,74.7,3.14
CHIN_2004_027,B,early,CHIN,M,74.2,2.92
ATS_2004_119,B,late,ATS,F,52.5,1.51
ATS_2004_120,B,late,ATS,M,68.5,2.5
ATS_2004_122,B,early,ATS,F,77,5.13
ATS_2004_123,B,late,ATS,M,59.5,1.96
ATS_2004_128,B,late,ATS,F,66,2.24
ATS_2004_131,B,late,ATS,M,55.5,1.4
ATS_2004_136,B,late,ATS,M,62.5,2.23
CHIN_2004_033,B,late,CHIN,M,66,2.15
ATS_2004_137,A,late,ATS,M,57.5,1.63
ATS_2004_134,B,early,ATS,M,57,1.64
CHIN_2004_036,B,mid,CHIN,M,59,2.1
ATS_2004_137,B,early,ATS,M,57.5,1.63
ATS_2004_138,A,mid,ATS,M,58.5,1.68
ATS_2004_140,B,late,ATS,M,69,2.7
ATS_2004_144,A,late,ATS,F,67,2.48
ATS_2004_144,B,late,ATS,F,67,2.48
ATS_2004_145,A,late,ATS,F,73,3.7
ATS_2004_154,B,early,ATS,F,72.7,3.13
ATS_2004_155,A,mid,ATS,F,63.1,2.37
ATS_2004_156,B,mid,ATS,F,62.3,3.01
ATS_2004_158,B,late,ATS,F,57.6,1.69
ATS_2004_160,B,mid,ATS,F,53.4,1.82
ATS_2004_162,B,mid,ATS,F,55.6,1.34
ATS_2004_163,B,late,ATS,F,59,2.46
ATS_2004_167,B,mid,ATS,F,55.1,1.6
ATS_2004_170,B,late,ATS,M,52.5,1.21
ATS_2004_171,A,late,ATS,F,58.5,1.8
CHIN_2004_039,A,mid,CHIN,M,43.6,0.82
CHIN_2004_041,A,late,CHIN,M,72.8,3.18
ATS_2004_176,A,mid,ATS,F,55,1.7
CHIN_2004_043,A,early,CHIN,M,67.4,2.72
CHIN_2004_043,B,mid,CHIN,M,67.4,2.72
CHIN_2004_050,B,late,CHIN,M,91.2,5.92
CHIN_2004_050,A,early,CHIN,M,91.2,5.92
CHIN_2004_051,B,late,CHIN,M,99.3,7.65
CHIN_2004_051,B,mid,CHIN,M,99.3,7.65
CHIN_2004_051,B,early,CHIN,M,99.3,7.65
ATS_2004_177,B,early,ATS,M,57.7,1.66
ATS_2004_181,B,mid,ATS,F,64.5,2.06
ATS_2004_182,A,mid,ATS,M,68.4,1.58
ATS_2004_182,B,late,ATS,M,68.4,1.58
ATS_2004_182,B,late,ATS,M,68.4,1.58
ATS_2004_183,B,early,ATS,F,65.3,2.45
ATS_2004_183,B,late,ATS,F,65.3,2.45
CHIN_2004_058,B,early,CHIN,M,73.7,2.65
COHO_2004_003,A,late,COHO,M,63.2,1.9
ATS_2004_185,B,mid,ATS,M,68.9,2.44
CHIN_2004_060,B,mid,CHIN,M,76,3.05
ATS_2004_186,B,mid,ATS,M,56.9,1.72
ATS_2004_186,B,mid,ATS,M,56.9,1.72
ATS_2004_186,B,mid,ATS,M,56.9,1.72
CHIN_2004_061,A,late,CHIN,M,88.3,5.91
CHIN_2004_064,B,late,CHIN,M,72.8,3.53
RBT_2004_001,A,early,RBT,M,60.9,1.85
RBT_2004_003,B,late,RBT,F,66,2.97
CHIN_2004_065,A,mid,CHIN,,71,2.26
ATS_2005_001,A,mid,ATS,F,66,3.6
ATS_2005_002,A,mid,ATS,M,68,3.73
ATS_2005_003,B,early,ATS,F,71,3.91
ATS_2005_004,B,early,ATS,F,64,2.39
ATS_2005_005,B,early,ATS,F,68,3.62
ATS_2005_006,B,early,ATS,F,68,3.57
ATS_2005_007,B,early,ATS,F,62,3.07
ATS_2005_008,B,early,ATS,M,65,2.28
ATS_2005_009,B,early,ATS,M,69,3.47
ATS_2005_010,B,early,ATS,M,61,2.49
ATS_2005_011,B,early,ATS,M,70,2.79
ATS_2005_012,B,early,ATS,M,62,2.26
ATS_2005_013,B,early,ATS,M,74.5,3.73
ATS_2005_014,B,early,ATS,M,68,3.03
ATS_2005_015,B,early,ATS,M,78,4.36
ATS_2005_016,B,early,ATS,M,74,3.83
CHIN_2005_002,B,early,CHIN,M,109,3.2
ATS_2005_078,A,early,ATS,M,68,2.7
ATS_2005_079,A,late,ATS,F,66,1.83
ATS_2005_080,A,late,ATS,M,69,2.85
ATS_2005_080,B,mid,ATS,M,69,2.85
ATS_2005_081,A,mid,ATS,M,70.5,2.2
ATS_2005_081,B,mid,ATS,M,70.5,2.2
ATS_2005_082,B,early,ATS,F,62,2.4
ATS_2005_083,B,early,ATS,F,64.5,2.61
ATS_2005_084,B,early,ATS,M,77.5,4.25
ATS_2005_085,B,early,ATS,M,59,1.86
ATS_2005_086,B,mid,ATS,M,70,3.9
ATS_2005_087,B,mid,ATS,M,60,2.2
ATS_2005_088,B,mid,ATS,M,75,4.05
ATS_2005_089,B,late,ATS,M,54.5,1.46
ATS_2005_090,B,late,ATS,M,71.5,3.3
ATS_2005_091,B,late,ATS,M,76,3.72
ATS_2005_092,B,mid,ATS,F,70,3.25
ATS_2005_093,B,mid,ATS,M,73.5,3.4
ATS_2005_094,B,mid,ATS,M,66,2.5
ATS_2005_095,B,early,ATS,M,60,2.32
ATS_2005_096,B,early,ATS,M,70.5,2.85
ATS_2005_097,B,mid,ATS,F,78.5,3.06
ATS_2005_134,A,late,ATS,M,74,3.52
ATS_2005_135,B,early,ATS,F,65,
ATS_2005_136,B,early,ATS,F,70,3.57
ATS_2005_137,B,early,ATS,F,71,3.81
ATS_2005_138,B,early,ATS,M,69,2.63
ATS_2005_139,B,early,ATS,M,75,4.06
ATS_2005_140,B,early,ATS,M,71,3.36
ATS_2005_141,B,early,ATS,M,56,1.53
ATS_2005_142,B,mid,ATS,F,48,1.25
ATS_2005_143,B,mid,ATS,M,74,
ATS_2005_144,B,mid,ATS,M,49,1.1
ATS_2005_145,B,mid,ATS,M,55,1.56
ATS_2005_146,B,mid,ATS,F,70,3.33
ATS_2005_147,B,mid,ATS,M,56,
ATS_2005_148,B,late,ATS,F,67,
ATS_2005_149,B,late,ATS,F,67,2.49
ATS_2005_150,B,late,ATS,F,67,2.78
ATS_2005_151,B,late,ATS,F,65,2.82
ATS_2005_152,B,late,ATS,F,62,2.32
ATS_2005_153,B,late,ATS,M,79,4.74
ATS_2005_154,B,late,ATS,M,50,1.62
ATS_2005_155,B,mid,ATS,F,65,
ATS_2005_156,B,mid,ATS,F,62,1.98
ATS_2005_157,B,early,ATS,F,62,2.07
ATS_2005_158,B,mid,ATS,M,73,
ATS_2005_158,A,late,ATS,M,73,
ATS_2005_158,A,late,ATS,M,73,
ATS_2005_159,B,mid,ATS,M,78,3.7
ATS_2005_159,A,late,ATS,M,78,3.7
CHIN_2005_005,B,early,CHIN,M,73,
ATS_2005_193,B,early,ATS,M,71,3
ATS_2005_194,B,early,ATS,M,71,2.9
ATS_2005_195,B,early,ATS,M,71,3.5
ATS_2005_196,B,mid,ATS,F,66,3.5
ATS_2005_205,A ,mid,ATS,F,66,
CHIN_2005_010,A,early,CHIN,F,71.1,
CHIN_2005_011,A ,mid,CHIN,F,71.1,
ATS_2006_001,A,mid,ATS,F,70.5,3.47
ATS_2006_001, B,late,ATS,F,70.5,3.47
ATS_2006_003,B,late,ATS,F,51,1.49
ATS_2006_003, B,late,ATS,F,51,1.49
ATS_2006_004,B,early,ATS,M,73.8,3.33
ATS_2006_004, B,late,ATS,M,73.8,3.33
ATS_2006_005,B,mid,ATS,F,71.5,3.56
ATS_2006_005, B,mid,ATS,F,71.5,3.56
ATS_2006_005, B,late,ATS,F,71.5,3.56
ATS_2006_006,B,late,ATS,F,70,3.92
ATS_2006_010,B,late,ATS,M,71.5,2.74
ATS_2006_011,A,early,ATS,F,72.5,3.92
ATS_2006_011, B,late,ATS,F,72.5,3.92
ATS_2006_011, B,late,ATS,F,72.5,3.92
ATS_2006_013,B,mid,ATS,F,67.5,3.02
ATS_2006_014,B,mid,ATS,M,70.5,3.74
ATS_2006_015,B,late,ATS,F,78.5,4.92
ATS_2006_016,A,mid,ATS,,62,1.71
ATS_2006_017,A,late,ATS,F,67,2.59
ATS_2006_017, B,mid,ATS,F,67,2.59
ATS_2006_018,A,mid,ATS,F,73,3.87
ATS_2006_018, A,mid,ATS,F,73,3.87
ATS_2006_018, B,mid,ATS,F,73,3.87
ATS_2006_019,B,late,ATS,M,73,3.65
ATS_2006_020,A,mid,ATS,F,68.8,2.99
ATS_2006_020, B,late,ATS,F,68.8,2.99
ATS_2006_021,A,mid,ATS,M,74.5,3.33
ATS_2006_022,A,early,ATS,F,53,1.85
ATS_2006_022, A,late,ATS,F,53,1.85
ATS_2006_026,A,late,ATS,F,68.7,3.31
ATS_2006_026, B,mid,ATS,F,68.7,3.31
ATS_2006_027,A,mid,ATS,F,66.4,2.81
ATS_2006_028,A,mid,ATS,F,68.3,3.15
ATS_2006_030,A,late,ATS,M,74.2,3.24
ATS_2006_031,B,mid,ATS,F,72.5,4.03
ATS_2006_034,A,late,ATS,M,76,3.73
ATS_2006_036,A,late,ATS,F,72.7,4.07
ATS_2006_037,B,mid,ATS,F,57.2,1.84
ATS_2006_038,A,mid,ATS,F,67,2.93
ATS_2006_039,B,late,ATS,M,71.8,3.74
ATS_2006_040,A,mid,ATS,F,62,2.95
ATS_2006_040, B,mid,ATS,F,62,2.95
ATS_2006_041,A,mid,ATS,F,70.5,4.2
ATS_2006_041, B,late,ATS,F,70.5,4.2
ATS_2006_042,B,mid,ATS,F,60.7,2.33
ATS_2006_042, B,mid,ATS,F,60.7,2.33
ATS_2006_042, B,mid,ATS,F,60.7,2.33
ATS_2006_042, B,late,ATS,F,60.7,2.33
ATS_2006_044,B,late,ATS,M,80.5,2.16
ATS_2006_045,B,late,ATS,M,70.1,1.4
ATS_2006_046,A,mid,ATS,M,71.4,1.61
ATS_2006_047,A,late,ATS,F,68.9,1.49
ATS_2006_047, B,late,ATS,F,68.9,1.49
ATS_2006_049,A,mid,ATS,F,70.8,1.45
ATS_2006_049, B,late,ATS,F,70.8,1.45
ATS_2006_050,B,early,ATS,M,71,3.47
ATS_2006_053,B,late,ATS,F,68.5,3.29
ATS_2006_054,B,late,ATS,M,73.2,3.21
ATS_2006_056,B,early,ATS,F,63.5,3.24
ATS_2006_057,B,early,ATS,F,66.8,2.86
ATS_2006_058,A,mid,ATS,M,76.3,4.14
ATS_2006_059,A,mid,ATS,F,70.2,3.02
ATS_2006_059, B,early,ATS,F,70.2,3.02
ATS_2006_059, B,late,ATS,F,70.2,3.02
ATS_2006_060,A,early,ATS,M,68.3,2.43
ATS_2006_061,A,mid,ATS,F,72,4.13
ATS_2006_061, A,mid,ATS,F,72,4.13
ATS_2006_061, B,late,ATS,F,72,4.13
ATS_2006_063,A,mid,ATS,F,72.6,3.7
ATS_2006_063, B,late,ATS,F,72.6,3.7
ATS_2006_065,B,late,ATS,F,69,3.39
ATS_2006_065, B,late,ATS,F,69,3.39
ATS_2006_065, B,late,ATS,F,69,3.39
ATS_2006_066,A,late,ATS,M,55.2,1.53
ATS_2006_066, B,late,ATS,M,55.2,1.53
ATS_2006_067,A,early,ATS,F,68.5,2.9
ATS_2006_067, B,late,ATS,F,68.5,2.9
ATS_2006_071,A,mid,ATS,F,71.2,3.83
ATS_2006_072,A,late,ATS,M,75,3.48
ATS_2006_072, A,late,ATS,M,75,3.48
ATS_2006_073,A,early,ATS,F,75.5,4.42
ATS_2006_073, A,early,ATS,F,75.5,4.42
ATS_2006_074,B,early,ATS,M,75.8,4.14
ATS_2006_074, B,late,ATS,M,75.8,4.14
ATS_2006_077,B,mid,ATS,F,66,2.93
ATS_2006_080,A,late,ATS,F,64.9,2.81
ATS_2006_080, A,late,ATS,F,64.9,2.81
ATS_2006_080, B,mid,ATS,F,64.9,2.81
ATS_2006_081,B,late,ATS,F,69.3,3.27
ATS_2006_082,A,late,ATS,F,69.1,2.93
ATS_2006_084,A,mid,ATS,F,67.8,2.37
ATS_2006_085,B,late,ATS,F,72.5,3.95
ATS_2006_086,B,late,ATS,F,71.5,2.81
ATS_2006_087,A,mid,ATS,M,79,4.46
ATS_2006_088,A,early,ATS,F,69.5,3.35
ATS_2006_088, A,mid,ATS,F,69.5,3.35
ATS_2006_090,A,late,ATS,F,70.9,3.35
ATS_2006_090, A,late,ATS,F,70.9,3.35
ATS_2006_090, A,late,ATS,F,70.9,3.35
ATS_2006_090, A,late,ATS,F,70.9,3.35
ATS_2006_091,A,mid,ATS,F,64,2.4
ATS_2006_091, A,mid,ATS,F,64,2.4
ATS_2006_092,A,late,ATS,F,71.2,3.17
ATS_2006_092, A,late,ATS,F,71.2,3.17
ATS_2006_093,A,early,ATS,F,69,3.38
ATS_2006_093, A,late,ATS,F,69,3.38
ATS_2006_094,B,early,ATS,F,65,2.87
ATS_2006_094, B,early,ATS,F,65,2.87
ATS_2006_096,A,mid,ATS,F,65,3.83
ATS_2006_098,A,mid,ATS,F,67.3,3.82
ATS_2006_100,A,late,ATS,F,62.5,2.43
ATS_2006_101,A,mid,ATS,F,73.1,3.97
ATS_2006_101, A,late,ATS,F,73.1,3.97
ATS_2006_102,A,late,ATS,F,67,3.3
ATS_2006_102, B,late,ATS,F,67,3.3
ATS_2006_103,A,mid,ATS,F,69.1,3.76
ATS_2006_105,A,mid,ATS,F,68.3,2.98
ATS_2006_106,A,mid,ATS,M,70.5,3.26
ATS_2006_108,A,late,ATS,M,70,2.83
ATS_2006_110,A,late,ATS,M,89.2,4.24
ATS_2006_111,B,mid,ATS,F,67.8,3.17
ATS_2006_111, B,late,ATS,F,67.8,3.17
ATS_2007_001,B,early,ATS,M,66.3,3.3
ATS_2007_004,B,late,ATS,F,56,1.79
ATS_2007_005,B,late,ATS,F,64,2.24
ATS_2007_010,B,late,ATS,F,62,2.3
ATS_2007_013,B,late,ATS,M,63,2.45
ATS_2007_015,A,mid,ATS,M,61,2.23
ATS_2007_017,B,late,ATS,M,59,1.7
ATS_2007_020,B,late,ATS,M,56,1.9
ATS_2007_022,A,mid,ATS,M,60,2.06
ATS_2007_022, A,late,ATS,M,60,2.06
ATS_2007_024,B,late,ATS,M,65,2.06
ATS_2007_026,B,late,ATS,M,59,1.91
ATS_2007_028,A,mid,ATS,M,65,2.23
ATS_2007_028, A,mid,ATS,M,65,2.23
ATS_2007_031,B,late,ATS,M,61,1.73
ATS_2007_039,B,late,ATS,M,64,2.48
ATS_2007_049,B,late,ATS,F,56,1.8
ATS_2007_052,B,mid,ATS,F,59,1.7
ATS_2007_052, B,mid,ATS,F,59,1.7
ATS_2007_054,B,late,ATS,F,77,3.66
ATS_2007_054, B,late,ATS,F,77,3.66
ATS_2007_055,A,mid,ATS,M,65,2.58
ATS_2007_055, B,late,ATS,M,65,2.58
ATS_2007_056,B,late,ATS,F,70,3.7
ATS_2007_056, B,late,ATS,F,70,3.7
ATS_2007_057,B,late,ATS,F,50,1.09
ATS_2007_059,B,late,ATS,M,56.5,0.65
ATS_2007_059, B,late,ATS,M,56.5,0.65
ATS_2007_060,B,early,ATS,M,65,2.4
ATS_2007_061,B,mid,ATS,M,64,2.1
ATS_2007_061, B,mid,ATS,M,64,2.1
ATS_2007_062,B,late,ATS,M,67,1.69
ATS_2007_065,B,late,ATS,M,62,2.45
ATS_2007_067,B,late,ATS,F,57,2.28
ATS_2007_069,B,late,ATS,M,62,2.54
ATS_2007_074,B,late,ATS,F,66,2.88
ATS_2007_074, B,late,ATS,F,66,2.88
ATS_2007_074, B,late,ATS,F,66,2.88
ATS_2007_075,B,late,ATS,M,61,1.9
ATS_2007_080,B,late,ATS,M,62,2.05
ATS_2007_082,B,late,ATS,F,59,2.13
ATS_2007_092,B,early,ATS,M,74,3.54
ATS_2007_094,B,late,ATS,F,55,1.63
ATS_2007_094, B,late,ATS,F,55,1.63
ATS_2007_107,B,late,ATS,F,67,2.98
ATS_2007_112,B,late,ATS,M,53,1.27
ATS_2007_114,B,late,ATS,M,58,1.92
ATS_2007_115,B,late,ATS,F,55,1.45
ATS_2007_117,B,late,ATS,M,60,2
ATS_2007_119,B,late,ATS,F,56,1.85
ATS_2007_120,B,late,ATS,F,60,1.99
ATS_2007_120, B,late,ATS,F,60,1.99
ATS_2007_121,B,late,ATS,M,61,2.09
ATS_2007_121, B,late,ATS,M,61,2.09
ATS_2007_123,B,late,ATS,F,54,1.35
ATS_2007_124,A,mid,ATS,F,55,1.46
ATS_2007_125,B,late,ATS,M,75,3.6
ATS_2007_125, B,late,ATS,M,75,3.6
ATS_2007_126,B,late,ATS,M,61,2.04
ATS_2007_128,A,early,ATS,F,58,2.06
ATS_2007_128, A,late,ATS,F,58,2.06
ATS_2007_132,A,late,ATS,F,67,3.07
ATS_2007_133,B,late,ATS,F,60,1.75
ATS_2007_136,A,late,ATS,M,63,2.28
ATS_2007_138,A,mid,ATS,F,68,2.93
ATS_2007_142,A,late,ATS,M,62,1.99
ATS_2007_146,B,mid,ATS,M,76,3.6
ATS_2007_150,A,late,ATS,M,59,1.66
ATS_2007_151,B,mid,ATS,M,63,2.19
ATS_2007_152,B,late,ATS,F,79,6.01
ATS_2007_154,B,late,ATS,F,71,3.5
ATS_2007_154, B,late,ATS,F,71,3.5
ATS_2007_155,A,late,ATS,F,56,1.52
ATS_2007_156,B,late,ATS,F,55,1.41
ATS_2007_159,B,mid,ATS,M,58,1.98
ATS_2007_159, B,late,ATS,M,58,1.98
ATS_2007_159, B,late,ATS,M,58,1.98
ATS_2007_160,B,late,ATS,M,55,1.48
ATS_2007_162,A,late,ATS,F,52,1.75
ATS_2007_162, B,late,ATS,F,52,1.75
ATS_2007_162, B,late,ATS,F,52,1.75
ATS_2007_184,B,late,ATS,F,60,2.4
ATS_2007_185,B,late,ATS,F,57,1.25
ATS_2007_187,B,late,ATS,F,69,2.5
ATS_2007_188,B,late,ATS,F,55,1.49
ATS_2007_189,A,mid,ATS,F,65,2.73
ATS_2007_198,B,late,ATS,M,69,
ATS_2007_202,A,mid,ATS,M,63,
ATS_2007_214,B,late,ATS,M,62,
ATS_2007_215,B,early,ATS,M,50,
ATS_2007_219,A,late,ATS,F,57.1,
ATS_2007_220,A,early,ATS,F,73.3,
ATS_2007_222,A,late,ATS,F,56.4,1.94
ATS_2007_223,A,late,ATS,F,57.6,2.5
ATS_2007_225,A,late,ATS,F,57.5,1.79
ATS_2007_226,A,late,ATS,F,53.8,2.55
ATS_2007_227,A,late,ATS,F,58.9,1.97
ATS_2007_228,A,late,ATS,F,56.6,1.6
ATS_2007_230,A,early,ATS,F,57.2,2.23
ATS_2007_231,A,mid,ATS,F,57.5,2.04
ATS_2007_233,A,late,ATS,M,62.2,
ATS_2007_235,A,late,ATS,M,63.5,
ATS_2007_239,A,late,ATS,M,67.6,
ATS_2007_240,A,mid,ATS,M,58,
ATS_2007_249,A,late,ATS,F,54.5,1.8
ATS_2007_250,A,late,ATS,F,59,1.98
ATS_2007_257,A,late,ATS,F,70,3.2
ATS_2007_260,A,mid,ATS,F,63.5,
ATS_2007_265,A,early,ATS,M,67.3,
ATS_2007_268,A,early,ATS,M,64.8,
ATS_2007_276,A,late,ATS,M,59.7,
ATS_2007_276, B,early,ATS,M,59.7,
ATS_2008_001,A,late,ATS,M,74.5,3.19
ATS_2008_002,A,late,ATS,M,68.2,2.32
ATS_2008_003,B,late,ATS,F,58.2,2.22
ATS_2008_004,A,early,ATS,M,63.2,3.16
ATS_2008_011,B,mid,ATS,F,55.2,1.38
ATS_2008_012,B,late,ATS,F,69,3.07
ATS_2008_012, B,late,ATS,F,69,3.07
ATS_2008_013,B,late,ATS,F,64,2.33
ATS_2008_014,B,mid,ATS,M,57.4,1.53
ATS_2008_018,B,mid,ATS,M,60.5,1.98
ATS_2008_019,B,late,ATS,F,57,2.06
ATS_2008_031,B,mid,ATS,F,55,1.73
ATS_2008_031, B,late,ATS,F,55,1.73
ATS_2008_037,B,late,ATS,F,66,2.73
ATS_2008_037, B,late,ATS,F,66,2.73
ATS_2008_037, B,late,ATS,F,66,2.73
ATS_2008_037, B,late,ATS,F,66,2.73
ATS_2008_040,B,late,ATS,F,55,2.03
ATS_2008_043,A,late,ATS,M,59,1.88
ATS_2008_045,B,late,ATS,M,73.5,3.18
ATS_2008_046,B,early,ATS,M,61.5,1.82
ATS_2008_048,B,mid,ATS,F,71.5,3.85
ATS_2008_048, B,mid,ATS,F,71.5,3.85
ATS_2008_050,A,late,ATS,F,55.5,2.03
ATS_2008_052,A,late,ATS,M,61.5,2.37
ATS_2008_059,A,mid,ATS,M,64,2.28
ATS_2008_060,B,late,ATS,F,69.5,2.84
ATS_2008_063,B,late,ATS,M,58,1.69
ATS_2008_068,A,late,ATS,M,80,4.23
ATS_2008_073,B,late,ATS,F,71.5,3.72
ATS_2008_075,A,mid,ATS,M,67.5,2.67
ATS_2008_076,B,late,ATS,F,57.5,1.52
ATS_2008_076, B,late,ATS,F,57.5,1.52
ATS_2008_076, B,late,ATS,F,57.5,1.52
ATS_2008_081,B,late,ATS,F,62.2,2.66
ATS_2008_083,B,late,ATS,F,53.3,2.15
ATS_2008_083, B,late,ATS,F,53.3,2.15
ATS_2008_084,B,early,ATS,M,76,3.92
ATS_2008_091,A,late,ATS,M,56.5,2.44
ATS_2008_094,A,late,ATS,M,65.2,1.84
ATS_2008_101,A,late,ATS,M,64,2.27
ATS_2008_102,B,late,ATS,F,62,3.08
ATS_2008_103,A,late,ATS,F,72.5,3.91
ATS_2008_105,A,late,ATS,M,61.2,1.92
ATS_2008_107,A,late,ATS,M,73.8,3.53
ATS_2008_109,A,late,ATS,F,74,4.26
ATS_2008_109, A,late,ATS,F,74,4.26
ATS_2008_110,A,late,ATS,F,50.5,2.17
ATS_2008_110, A,late,ATS,F,50.5,2.17
ATS_2008_110, A,late,ATS,F,50.5,2.17
ATS_2008_112,A,late,ATS,F,71.5,4.36
ATS_2008_114,A,late,ATS,F,72.5,4.27
ATS_2008_114, A,mid,ATS,F,72.5,4.27
ATS_2008_115,A,late,ATS,F,71.2,3.74
ATS_2008_118,B,late,ATS,F,64.5,2.54
ATS_2008_118, B,late,ATS,F,64.5,2.54
ATS_2008_120,B,late,ATS,F,61,3.15
ATS_2008_120, B,late,ATS,F,61,3.15
ATS_2008_121,B,late,ATS,F,70,2.88
ATS_2008_121, B,late,ATS,F,70,2.88
ATS_2008_123,A,early,ATS,F,58,1.25
ATS_2008_123, B,late,ATS,F,58,1.25
ATS_2008_124,B,late,ATS,F,69.5,2.66
ATS_2008_124, B,late,ATS,F,69.5,2.66
ATS_2008_125,A,late,ATS,M,58,1.72
ATS_2008_126,B,late,ATS,F,71,3.37
ATS_2008_126, B,late,ATS,F,71,3.37
ATS_2008_129,B,late,ATS,F,70,4.14
ATS_2008_130,B,late,ATS,F,56.5,1.78
ATS_2008_132,B,late,ATS,F,69.5,3.15
ATS_2008_133,B,mid,ATS,F,70.5,3.44
ATS_2008_134,B,late,ATS,F,56,1.7
ATS_2008_136,B,mid,ATS,F,66,3.34
ATS_2008_139,A,mid,ATS,F,73,3.45
ATS_2008_139, B,late,ATS,F,73,3.45
ATS_2008_142,A,late,ATS,M,63.5,2.04
ATS_2008_143,B,late,ATS,F,58,1.88
ATS_2008_144,B,late,ATS,F,69.1,3.05
ATS_2008_150,B,late,ATS,F,58,1.82
ATS_2008_152,A,mid,ATS,F,61,1.84
ATS_2008_154,B,late,ATS,F,55.5,1.82
ATS_2008_155,A,late,ATS,F,72.5,3
ATS_2008_155, B,late,ATS,F,72.5,3
ATS_2008_155, B,late,ATS,F,72.5,3
ATS_2008_157,B,late,ATS,F,73.2,3.7
ATS_2008_158,B,late,ATS,F,65.5,3
ATS_2008_158, B,late,ATS,F,65.5,3
ATS_2008_158, B,late,ATS,F,65.5,3
ATS_2008_159,A,early,ATS,F,71.5,3.18
ATS_2008_163,B,late,ATS,F,70,3.24
ATS_2008_164,B,late,ATS,F,67.3,2.72
ATS_2008_165,B,late,ATS,F,62,1.89
ATS_2009_001,B,late,ATS,F,58.6,2.42
ATS_2009_002,A,late,ATS,M,57.5,1.7
ATS_2009_005,B,late,ATS,F,67.5,3.58
ATS_2009_008,B,late,ATS,F,66.4,3.14
ATS_2009_009,B,late,ATS,F,70.6,3.8
ATS_2009_011,B,late,ATS,F,56,2.06
ATS_2009_012,B,early,ATS,M,62.7,2.47
ATS_2009_012, B,late,ATS,M,62.7,2.47
ATS_2009_013,B,mid,ATS,F,68.6,3.48
ATS_2009_013, B,late,ATS,F,68.6,3.48
ATS_2009_019,B,late,ATS,F,69,3.39
ATS_2009_019, B,late,ATS,F,69,3.39
ATS_2009_020,B,late,ATS,F,74.4,4.58
ATS_2009_022,B,late,ATS,F,67.9,2.86
ATS_2009_024,A,mid,ATS,M,77.4,3.61
ATS_2009_026,B,late,ATS,F,59,2.35
ATS_2009_027,B,late,ATS,M,59.5,2.1
ATS_2009_029,B,late,ATS,M,62.3,2.25
ATS_2009_030,B,late,ATS,F,70.2,3.61
ATS_2009_035,B,late,ATS,F,73,3.3
ATS_2009_037,B,mid,ATS,F,67.2,3.24
ATS_2009_038,A,mid,ATS,M,58.5,1.9
ATS_2009_039,A,early,ATS,M,76,4.1
ATS_2009_039, B,early,ATS,M,76,4.1
ATS_2009_040,B,late,ATS,F,75,4.47
ATS_2009_041,B,late,ATS,M,52.4,1.41
ATS_2009_042,A,late,ATS,F,59.3,2.01
ATS_2009_047,A,early,ATS,F,66,2.6
ATS_2009_052,B,early,ATS,M,65.3,3.39
ATS_2009_054,B,mid,ATS,M,64.5,3.3
ATS_2009_055,B,early,ATS,F,72.1,3.6
ATS_2009_057,B,late,ATS,F,74.5,3.88
ATS_2009_058,B,late,ATS,M,54,1.55
ATS_2009_059,B,late,ATS,F,62,2.58
ATS_2009_060,A,early,ATS,M,75.5,3.7
ATS_2009_062,A,early,ATS,F,74,4.68
ATS_2009_062, B,late,ATS,F,74,4.68
ATS_2009_063,A,late,ATS,F,76.3,6.07
ATS_2009_063, A,late,ATS,F,76.3,6.07
ATS_2009_063, A,late,ATS,F,76.3,6.07
ATS_2009_064,B,late,ATS,F,66,3.02
ATS_2009_065,B,late,ATS,M,58.6,1.62
ATS_2009_068,A,late,ATS,M,61.2,1.91
ATS_2009_070,A,late,ATS,F,64,3.13
ATS_2009_070, B,late,ATS,F,64,3.13
ATS_2009_072,B,late,ATS,F,71.5,3.1
ATS_2009_074,A,mid,ATS,M,69.5,2.8
ATS_2009_076,B,mid,ATS,F,70.7,4.25
ATS_2009_077,B,early,ATS,F,65,3.65
ATS_2009_077, B,mid,ATS,F,65,3.65
ATS_2009_079,B,early,ATS,F,70.5,3.48
ATS_2009_079, B,late,ATS,F,70.5,3.48
ATS_2009_079, B,late,ATS,F,70.5,3.48
ATS_2009_080,B,late,ATS,F,74.1,3.69
ATS_2009_082,B,mid,ATS,F,73.5,4.3
ATS_2009_084,A,early,ATS,M,57.5,1.9
ATS_2009_087,B,mid,ATS,M,55.6,1.82
ATS_2009_091,A,early,ATS,F,76,4.42
ATS_2009_092,B,late,ATS,F,74.8,4.95
ATS_2009_092, B,late,ATS,F,74.8,4.95
ATS_2009_098,B,mid,ATS,F,69,3.62
ATS_2009_100,A,mid,ATS,M,75,2.92
ATS_2009_101,A,early,ATS,F,70.5,4.24
ATS_2009_102,A,late,ATS,M,57.5,1.79
ATS_2009_111,B,late,ATS,M,63.5,2.3
ATS_2009_111, B,late,ATS,M,63.5,2.3
ATS_2009_112,B,late,ATS,F,66,3.34
ATS_2009_113,B,late,ATS,F,63,3.73
ATS_2009_113, B,late,ATS,F,63,3.73
ATS_2009_114,B,late,ATS,F,70,3.71
ATS_2009_115,B,late,ATS,F,71.5,3.98
ATS_2009_115, B,late,ATS,F,71.5,3.98
ATS_2009_116,B,late,ATS,F,69.5,3.18
ATS_2009_119,A,early,ATS,F,68,2.86
ATS_2009_119, A,mid,ATS,F,68,2.86
ATS_2009_119, B,late,ATS,F,68,2.86
ATS_2009_120,B,late,ATS,F,74,3.17
ATS_2009_122,B,mid,ATS,F,73.5,3.97
ATS_2009_124,A,early,ATS,F,72.6,4.26
ATS_2009_124, B,late,ATS,F,72.6,4.26
ATS_2009_127,B,late,ATS,F,59.2,1.93
ATS_2009_128,A,mid,ATS,F,54.2,1.86
ATS_2009_128, B,late,ATS,F,54.2,1.86
ATS_2009_130,A,mid,ATS,F,68.5,4.28
ATS_2009_130, B,mid,ATS,F,68.5,4.28
ATS_2009_131,A,early,ATS,M,63.1,2.29
ATS_2009_131, B,late,ATS,M,63.1,2.29
ATS_2009_131, B,late,ATS,M,63.1,2.29
ATS_2009_132,A,late,ATS,F,68.2,3.95
ATS_2009_135,B,mid,ATS,F,65.2,3.5
ATS_2009_136,A,late,ATS,F,60,2.5
ATS_2009_137,A,mid,ATS,M,60.1,2.08
ATS_2009_140,A,late,ATS,F,58.5,1.89
ATS_2010_002,A,late,ATS,F,56.9,1.74
ATS_2010_004,A,late,ATS,F,64.3,2.82
ATS_2010_004, A,late,ATS,F,64.3,2.82
ATS_2010_006,B,early,ATS,F,71.1,3.12
ATS_2010_006, A,late,ATS,F,71.1,3.12
ATS_2010_014,A,late,ATS,M,57.8,1.8
ATS_2010_020,A,early,ATS,M,77.5,4.78
ATS_2010_026,A,late,ATS,M,65.4,2.47
ATS_2010_027,B ,mid,ATS,F,57.5,1.88
ATS_2010_028,B,late,ATS,F,62.7,2.57
ATS_2010_028, A,late,ATS,F,62.7,2.57
ATS_2010_029,B,early,ATS,F,58,1.77
ATS_2010_031,A,late,ATS,M,58,1.66
ATS_2010_033,A,early,ATS,M,72.5,3.23
ATS_2010_033, A,late,ATS,M,72.5,3.23
ATS_2010_034,B,mid,ATS,F,67.5,2.93
ATS_2010_034, A,late,ATS,F,67.5,2.93
ATS_2010_035,A,mid,ATS,M,62.5,2.19
ATS_2010_036,A,late,ATS,M,58,1.75
ATS_2010_037,B,late,ATS,M,55.5,1.41
ATS_2010_039,A,late,ATS,M,71,2.96
ATS_2010_042,A,mid,ATS,M,57,1.88
ATS_2010_047,A,late,ATS,M,74.5,4.49
ATS_2010_048,B,late,ATS,F,55,1.55
ATS_2010_049,A,late,ATS,M,56,1.74
ATS_2010_051,A,late,ATS,M,75,3.92
ATS_2010_056,B,late,ATS,F,58.5,1.92
ATS_2010_056, B,late,ATS,F,58.5,1.92
ATS_2010_060,B ,late,ATS,F,55,1.61
ATS_2010_062,A,mid,ATS,F,68,2.77
ATS_2010_062, A,mid,ATS,F,68,2.77
ATS_2010_064,A ,late,ATS,M,60,1.83
ATS_2010_068,A,late,ATS,F,62,3.07
ATS_2010_070,A,late,ATS,F,62,2.3
ATS_2010_071,B,early,ATS,M,64.5,2.81
ATS_2010_072,A,late,ATS,F,71,3.77
ATS_2010_074,A,late,ATS,M,74.5,3.95
ATS_2010_075,A,late,ATS,M,52.1,1.41
ATS_2010_076,B,late,ATS,M,61.2,2.23
ATS_2010_077,A ,late,ATS,M,54.5,1.71
ATS_2010_078,A,mid,ATS,M,42.4,0.86
ATS_2010_079,A,late,ATS,F,58.2,1.95
ATS_2010_083,A,mid,ATS,M,61.8,2.04
ATS_2010_086,B,late,ATS,M,52.7,1.68
ATS_2010_088,A,late,ATS,F,75.5,4.26
ATS_2010_088, B,late,ATS,F,75.5,4.26
ATS_2010_090,A,late,ATS,M,77.7,4.58
ATS_2010_093,A,late,ATS,M,60.2,2.23
ATS_2010_093, A,late,ATS,M,60.2,2.23
ATS_2010_094,A,late,ATS,M,61.8,2.34
ATS_2010_094, A,late,ATS,M,61.8,2.34
ATS_2010_096,A,late,ATS,M,72.8,3.35
ATS_2010_097,A,late,ATS,F,53.7,1.39
ATS_2010_098,A,late,ATS,F,50.8,1.26
ATS_2010_100,B,late,ATS,M,55.5,1.57
ATS_2010_102,A,late,ATS,F,57.2,1.75
ATS_2010_102, B,late,ATS,F,57.2,1.75
ATS_2010_105,B,late,ATS,M,56.5,1.64
ATS_2010_110,A,mid,ATS,M,54.5,1.46
ATS_2010_110,A,mid,ATS,M,54.5,1.46
ATS_2010_113,B,late,ATS,M,53,1.02
ATS_2010_114,A ,late,ATS,F,57,1.98
ATS_2010_115,B,late,ATS,F,66,2.7
ATS_2010_127,A,late,ATS,M,58.5,1.72
ATS_2010_130,A,late,ATS,F,53.8,1.17
ATS_2010_130,A,late,ATS,F,53.8,1.17
ATS_2010_131,A,mid,ATS,F,76.5,3.37
ATS_2010_133,A,mid,ATS,F,54,1.6
ATS_2010_134,A,late,ATS,F,56,2
ATS_2010_134,B,late,ATS,F,56,2
ATS_2010_136,A,late,ATS,F,55,1.73
ATS_2010_138,A,late,ATS,F,52.5,1.99
ATS_2010_138,A,late,ATS,F,52.5,1.99
ATS_2010_141,A,late,ATS,F,51.9,2.2
ATS_2010_142,A,late,ATS,M,70,3.8
ATS_2010_143,B,late,ATS,F,55,2.06
ATS_2010_144,A,late,ATS,F,70,3.93
ATS_2010_145,A,mid,ATS,F,51.1,1.27
ATS_2010_146,A,mid,ATS,M,55.4,1.87
ATS_2010_146,A,late,ATS,M,55.4,1.87
ATS_2010_148,A,late,ATS,F,56,1.79
ATS_2010_151,B,late,ATS,F,72,3.49
ATS_2010_152,A,late,ATS,F,59,2.4
ATS_2010_155,A,late,ATS,M,55.2,1.48
ATS_2010_163,A,late,ATS,M,66.04,
ATS_2010_204,A,late,ATS,F,53,1.47
ATS_2010_210,A,late,ATS,M,54.61,
ATS_2010_210, A,late,ATS,M,54.61,
ATS_2011_002,B,late,ATS,F,67.8,3.63
ATS_2011_002, B,late,ATS,F,67.8,3.63
ATS_2011_004,A,late,ATS,M,68,3.22
ATS_2011_006,B,late,ATS,M,59.8,1.64
ATS_2011_007,A,late,ATS,M,72.1,3.37
ATS_2011_007, A,late,ATS,M,72.1,3.37
ATS_2011_007, B,late,ATS,M,72.1,3.37
ATS_2011_009,B,late,ATS,M,55,1.55
ATS_2011_010,A,early,ATS,M,60.1,2.19
ATS_2011_010, B,late,ATS,M,60.1,2.19
ATS_2011_011,A,early,ATS,F,68.3,3.76
ATS_2011_011, B,late,ATS,F,68.3,3.76
ATS_2011_017,A,late,ATS,M,57.5,1.69
ATS_2011_017, B,late,ATS,M,57.5,1.69
ATS_2011_018,B,late,ATS,M,57.5,1.65
ATS_2011_019,B,early,ATS,M,61.5,2.5
ATS_2011_021,B,late,ATS,F,68.4,2.7
ATS_2011_022,B,mid,ATS,M,63.4,2.32
ATS_2011_025,B,late,ATS,M,63,2.2
ATS_2011_026,A,late,ATS,M,55.5,1.52
ATS_2011_026, A,late,ATS,M,55.5,1.52
ATS_2011_027,B,late,ATS,F,67,
ATS_2011_029,A,mid,ATS,F,63,3.09
ATS_2011_030,B,late,ATS,M,78.5,4.54
ATS_2011_033,A,mid,ATS,M,56.6,2.12
ATS_2011_034,B,late,ATS,M,69.5,2.44
ATS_2011_034, B,late,ATS,M,69.5,2.44
ATS_2011_036,A,mid,ATS,M,61.4,1.91
ATS_2011_038,B,mid,ATS,F,60.9,2.59
ATS_2011_042,A,mid,ATS,M,58,2.43
ATS_2011_042, B,mid,ATS,M,58,2.43
ATS_2011_043,B,late,ATS,F,56.1,2.03
ATS_2011_046,B,late,ATS,F,60.2,2.18
ATS_2011_047,A,late,ATS,M,58.2,1.68
ATS_2011_049,A,mid,ATS,M,61.5,1.93
ATS_2011_054,A,late,ATS,M,64.7,2.05
ATS_2011_054, B,late,ATS,M,64.7,2.05
ATS_2011_056,B,late,ATS,F,66.8,2.77
ATS_2011_056, B,late,ATS,F,66.8,2.77
ATS_2011_058,A,late,ATS,F,55.5,1.85
ATS_2011_058, B,mid,ATS,F,55.5,1.85
ATS_2011_062,B,early,ATS,M,56.5,1.81
ATS_2011_063,B,early,ATS,F,67.5,3.45
ATS_2011_067,B,late,ATS,M,60.5,1.95
ATS_2011_068,B,mid,ATS,M,54.5,1.65
ATS_2011_069,A,early,ATS,M,63.5,2.15
ATS_2011_071,A,mid,ATS,M,59.8,2.08
ATS_2011_072,B,early,ATS,F,69,3.02
ATS_2011_072, B,late,ATS,F,69,3.02
ATS_2011_076,B,late,ATS,M,54.5,1.46
ATS_2011_077,B,mid,ATS,M,60.3,2.12
ATS_2011_078,B,late,ATS,F,67.5,2.28
ATS_2011_082,B,late,ATS,F,70,4.1
ATS_2011_084,A,mid,ATS,M,63,2.72
ATS_2011_086,B,early,ATS,F,76.2,5.09
ATS_2011_086, B,early,ATS,F,76.2,5.09
ATS_2011_089,B,late,ATS,M,57,1.9
ATS_2011_089, B,late,ATS,M,57,1.9
ATS_2011_090,B,mid,ATS,M,77.8,4.09
ATS_2011_091,B,mid,ATS,F,65,2.8
ATS_2011_094,B,late,ATS,M,57.5,1.57
ATS_2011_098,B,late,ATS,F,52,1.45
ATS_2011_099,B,mid,ATS,F,68.2,3.8
ATS_2011_099, B,late,ATS,F,68.2,3.8
ATS_2011_101,B,late,ATS,F,62.7,3.36
ATS_2011_101, B,late,ATS,F,62.7,3.36
ATS_2011_102,B,late,ATS,M,57.5,1.77
ATS_2011_105,A,late,ATS,M,57.6,1.89
ATS_2011_106,B,early,ATS,M,60.1,1.88
ATS_2011_108,A,late,ATS,M,52.5,1.29
ATS_2011_109,A,mid,ATS,M,54.5,1.39
ATS_2011_110,A,late,ATS,M,56.7,1.65
ATS_2011_110, B,mid,ATS,M,56.7,1.65
ATS_2011_111,B,late,ATS,M,56.9,1.56
ATS_2011_112,A,late,ATS,M,62.2,2.2
ATS_2011_112, B,mid,ATS,M,62.2,2.2
ATS_2011_113,A,mid,ATS,F,70.2,3
ATS_2011_116,B,late,ATS,M,75,6.1
ATS_2011_116, B,late,ATS,M,75,6.1
ATS_2011_119,B,late,ATS,F,60,2.2
ATS_2011_130,B,late,ATS,M,76,3.7
ATS_2011_133,A,early,ATS,M,59,1.76
ATS_2011_135,B,mid,ATS,F,55.5,1.87
ATS_2011_137,B,late,ATS,M,52,1.62
ATS_2011_138,B,early,ATS,F,73.5,5.13
ATS_2011_140,B,late,ATS,F,68,3.88
ATS_2011_141,B,late,ATS,M,55.3,1.52
ATS_2011_143,A,mid,ATS,M,53,1.85
ATS_2011_144,B,late,ATS,M,59,1.89
ATS_2011_145,B,mid,ATS,F,71.5,4.31
ATS_2011_146,A,late,ATS,M,59,2
ATS_2011_146, B,late,ATS,M,59,2
ATS_2011_150,B,mid,ATS,F,50,1.29
ATS_2011_151,B,early,ATS,M,57.5,2.02
ATS_2011_152,B,early,ATS,M,60,2.01
ATS_2011_154,B,early,ATS,F,70.5,2.77
ATS_2011_155,B,mid,ATS,M,49.5,0.91
ATS_2011_160,B,mid,ATS,M,63,2.35
ATS_2011_165,B,late,ATS,F,59,2.07
ATS_2011_168,A,late,ATS,F,69.2,2.93
ATS_2011_168, A,late,ATS,F,69.2,2.93
ATS_2011_168, A,late,ATS,F,69.2,2.93
ATS_2011_169,B,late,ATS,M,59.2,1.94
ATS_2011_171,B,late,ATS,F,67,3.07
ATS_2011_176,B,early,ATS,M,56,1.28
ATS_2011_179,A,early,ATS,M,60,1.98
ATS_2011_180,A,late,ATS,M,55,1.35
ATS_2011_185,A,late,ATS,F,72.5,3.57
ATS_2011_185, A,mid,ATS,F,72.5,3.57
ATS_2011_187,B,mid,ATS,M,56.7,1.93
ATS_2011_188,A,early,ATS,F,58,1.86
ATS_2011_189,A,late,ATS,F,61.3,3.85
ATS_2011_196,A,late,ATS,F,54,1.68
ATS_2011_198,A,late,ATS,M,56.5,1.67
ATS_2011_204,B,late,ATS,F,58,2.08
ATS_2011_208,A,late,ATS,F,61.3,2.23
ATS_2011_210,B,late,ATS,M,61.5,1.87
ATS_2011_211,B,mid,ATS,F,50.5,1.57
ATS_2011_214,B,early,ATS,F,55.5,2.02
ATS_2011_215,B,early,ATS,F,66,3.25
ATS_2011_216,A,mid,ATS,M,76.5,3.89
ATS_2011_217,B,late,ATS,M,68,1.7
ATS_2011_218,B,late,ATS,M,61,1.99
ATS_2011_219,B,late,ATS,F,72.5,3.59
ATS_2011_220,B,late,ATS,F,57,1.6
ATS_2011_221,A,mid,ATS,F,66,2.2
ATS_2011_222,A,mid,ATS,F,70,4.33
ATS_2011_224,A,late,ATS,F,57,2
ATS_2011_225,B,late,ATS,F,57.5,1.93
ATS_2011_227,B,late,ATS,F,54.5,1.52
ATS_2011_230,B,late,ATS,M,57.5,1.82
ATS_2011_231,B,mid,ATS,F,57.5,1.92
ATS_2011_232,A,early,ATS,M,78,3.94
ATS_2011_233,A,late,ATS,F,67,3.3
ATS_2011_236,B,late,ATS,F,63,2.79
ATS_2011_239,B,late,ATS,F,57.5,2.14
ATS_2012_005,A,late,ATS,M,72,3.2
ATS_2012_006,A,late,ATS,F,57.6,1.94
ATS_2012_009,B,mid,ATS,M,73.5,3.79
ATS_2012_011,B,mid,ATS,M,62,1.86
ATS_2012_012,A,early,ATS,M,53.5,1.75
ATS_2012_023,B,mid,ATS,F,60,2.68
ATS_2012_027,B,early,ATS,M,61.5,2.51
ATS_2012_028,B,late,ATS,F,68,3.39
ATS_2012_036,B,early,ATS,F,60.2,2.17
ATS_2012_037,B,late,ATS,F,74.2,4.22
ATS_2012_039,B,late,ATS,F,71,4.18
ATS_2012_040,A,late,ATS,M,62,1.73
ATS_2012_043,A,mid,ATS,M,62.6,2.34
ATS_2012_043,A,mid,ATS,M,62.6,2.34
ATS_2012_046,A,mid,ATS,F,55,1.59
ATS_2012_047,B,late,ATS,F,58.5,1.76
ATS_2012_048,B,late,ATS,M,63.3,2.4
ATS_2012_050,B,late,ATS,F,63.2,1.85
ATS_2012_052,B,late,ATS,M,62,2.44
ATS_2012_054,A,late,ATS,M,74.5,4.21
ATS_2012_055,B,mid,ATS,M,55.1,2.31
ATS_2012_057,A,early,ATS,M,60,1.95
ATS_2012_059,B,late,ATS,F,60,2.2
ATS_2012_060,A,late,ATS,M,77.5,4.4
ATS_2012_062,B,late,ATS,M,60,1.94
ATS_2012_065,B,late,ATS,M,65,2.28
ATS_2012_066,B,late,ATS,F,59,2.21
ATS_2012_067,B,late,ATS,M,60.4,1.68
ATS_2012_068,B,late,ATS,M,64.5,2.09
ATS_2012_069,B,late,ATS,M,63.6,2.02
ATS_2012_070,B,late,ATS,M,63,2.21
ATS_2012_071,B,late,ATS,F,58.5,2.1
ATS_2012_071,B,late,ATS,F,58.5,2.1
ATS_2012_071,A,early,ATS,F,58.5,2.1
ATS_2012_072,A,late,ATS,M,65.5,2.69
ATS_2012_075,B,late,ATS,F,63.5,2.52
ATS_2012_078,A,late,ATS,M,62,1.89
ATS_2012_078,B,mid,ATS,M,62,1.89
ATS_2012_079,A,early,ATS,M,64.5,2.52
ATS_2012_080,A,late,ATS,M,69.6,3.62
ATS_2012_081,B,late,ATS,M,56,1.59
ATS_2012_082,A,late,ATS,M,65,2.4
ATS_2012_083,B,late,ATS,M,60,1.84
ATS_2012_085,A,late,ATS,M,55.6,1.7
ATS_2012_093,B,late,ATS,F,61.5,2.54
ATS_2012_093,B,late,ATS,F,61.5,2.54
ATS_2012_098,A,mid,ATS,F,58,1.7
ATS_2012_098,A,late,ATS,F,58,1.7
ATS_2012_098, A,late,ATS,F,58,1.7
ATS_2012_100,A,mid,ATS,M,62.5,2.08
ATS_2012_105,A,late,ATS,F,56.2,1.73
ATS_2012_106,A,late,ATS,F,73.5,3.53
ATS_2012_107,A,late,ATS,F,71.2,2.96
ATS_2012_108,A,mid,ATS,F,59.5,2.19
ATS_2012_112,A,late,ATS,M,59.2,1.24
ATS_2012_113,A,late,ATS,F,54.2,1.98
ATS_2012_116,A,late,ATS,F,70.2,3.46
ATS_2012_116,B,late,ATS,F,70.2,3.46
ATS_2012_120,B,late,ATS,M,62.1,1.99
ATS_2012_130,B,late,ATS,F,60.6,2.27
ATS_2012_131,B,early,ATS,M,73.2,3.91
ATS_2012_132,A,mid,ATS,M,60.4,1.81
ATS_2012_134,B,late,ATS,F,65.5,3
ATS_2012_134,B,late,ATS,F,65.5,3
ATS_2012_139,B,late,ATS,F,73.2,3.91
ATS_2012_144,A,mid,ATS,M,63.5,2.4
ATS_2012_148,B,late,ATS,F,72,3.48
ATS_2012_149,B,late,ATS,F,74,4.06
ATS_2012_150,A,late,ATS,F,60.5,2.77
ATS_2012_152,A,mid,ATS,M,61.9,2.04
ATS_2012_155,A,mid,ATS,M,66.2,2.52
ATS_2012_156,A,late,ATS,M,59.4,1.9
ATS_2012_159,A,early,ATS,F,71.5,3.2
ATS_2012_160,A,late,ATS,F,71.2,3.36
ATS_2012_160,B,late,ATS,F,71.2,3.36
ATS_2012_161,A,mid,ATS,M,56.5,1.37
ATS_2012_163,A,early,ATS,M,63,2.54
ATS_2012_169,B,late,ATS,M,79,3.93
ATS_2012_170,B,late,ATS,F,59.8,2.06
ATS_2012_171,A,late,ATS,F,60.5,2.32
ATS_2012_171,B,late,ATS,F,60.5,2.32
ATS_2012_175,B,late,ATS,M,56.5,1.32
ATS_2012_176,B,late,ATS,F,71.5,4.22
ATS_2012_181,A,mid,ATS,M,73.5,3.53
ATS_2012_181,B,late,ATS,M,73.5,3.53
ATS_2012_186,B,late,ATS,M,67.4,2.65
ATS_2012_187,A,early,ATS,M,64,2.15
ATS_2012_187,B,early,ATS,M,64,2.15
ATS_2012_188,B,late,ATS,F,58,1.97
ATS_2012_190,A,early,ATS,F,78.6,5.07
ATS_2012_197,B,late,ATS,M,71,2.87
ATS_2012_198,A,late,ATS,F,64,2.74
ATS_2012_199,A,mid,ATS,M,60.1,1.67
ATS_2012_200,B,late,ATS,M,56.5,2
ATS_2012_203,A,late,ATS,F,52,1.29
ATS_2012_203,A,late,ATS,F,52,1.29
ATS_2012_205,B,late,ATS,F,58,2.04
ATS_2012_213,B,late,ATS,M,61,1.93
ATS_2012_214,A,late,ATS,F,60.5,2.15
ATS_2012_214,B,late,ATS,F,60.5,2.15
ATS_2012_215,B,early,ATS,M,75,3.45
ATS_2012_216,A,mid,ATS,F,65.4,2.51
ATS_2012_218,A,late,ATS,F,71.3,3.57
ATS_2012_218,B,late,ATS,F,71.3,3.57
ATS_2012_220,B,late,ATS,F,65.9,2.83
ATS_2012_223,A,late,ATS,M,61.7,1.93
ATS_2012_224,B,late,ATS,M,65,2.49
ATS_2012_227,B,late,ATS,M,62,2.05
ATS_2012_227, A,late,ATS,M,62,2.05
ATS_2012_228,A,late,ATS,F,73,4.23
ATS_2012_232,B,late,ATS,F,71,3.97
ATS_2012_241,B,late,ATS,F,54.6,1.34
ATS_2012_245,B,late,ATS,F,28.5,
ATS_2012_245,B,late,ATS,F,28.5,
ATS_2012_245,B,late,ATS,F,28.5,
ATS_2012_245,B,late,ATS,F,28.5,
ATS_2012_247,B,late,ATS,F,29.5,
ATS_2012_247,A,late,ATS,F,29.5,
ATS_2012_249,B,late,ATS,F,22,
ATS_2012_250,A,late,ATS,F,29.5,
ATS_2012_251,B,late,ATS,F,60,2.06
ATS_2012_258,B,late,ATS,F,62.4,2.5
ATS_2012_266,A,late,ATS,F,53.6,1.53
ATS_2012_267,A,mid,ATS,F,55.3,1.57
ATS_2012_268,A,mid,ATS,M,63.2,1.92
ATS_2012_268,A,mid,ATS,M,63.2,1.92
ATS_2012_271,B,late,ATS,M,53.5,1.19
ATS_2012_272,A,early,ATS,M,56.6,1.29
ATS_2012_275,B,late,ATS,F,65.5,2.54
ATS_2012_276,B,early,ATS,M,60.5,1.87
ATS_2012_280,A,late,ATS,F,72.2,3.9
ATS_2012_286,B,late,ATS,F,59,2.37
ATS_2012_286, A,late,ATS,F,59,2.37
ATS_2012_287,B,late,ATS,F,74,4.55
ATS_2012_294,A,early,ATS,M,65,2.55
ATS_2012_296,A,late,ATS,M,63,2.06
ATS_2012_298,A,early,ATS,M,71,2.87
ATS_2012_303,B,late,ATS,F,57,1.6
ATS_2012_309,B,late,ATS,F,53,1.46
ATS_2013_014,B,early,ATS,M,80.4,4.98
ATS_2013_018,A,mid,ATS,F,72,3.68
ATS_2013_019,B,late,ATS,F,59,1.38
ATS_2013_020,B,late,ATS,F,54.1,1.92
ATS_2013_022,B,late,ATS,F,68,2.6
ATS_2013_024,B,late,ATS,F,51.9,1.57
ATS_2013_026,B,early,ATS,F,53,1.45
ATS_2013_027,B,mid,ATS,M,74.4,3.8
ATS_2013_032,B,late,ATS,F,68.2,2.94
ATS_2013_032, B,late,ATS,F,68.2,2.94
ATS_2013_035,B,late,ATS,F,69,3.61
ATS_2013_035, B,mid,ATS,F,69,3.61
ATS_2013_037,B,early,ATS,M,74.5,3.61
ATS_2013_040,B,late,ATS,F,74,3.63
ATS_2013_041,A,late,ATS,M,63.1,2.05
ATS_2013_045,B,mid,ATS,M,78.5,4.25
ATS_2013_046,A,late,ATS,F,74.5,3.6
ATS_2013_046, B,late,ATS,F,74.5,3.6
ATS_2013_049,A,late,ATS,F,52.9,1.32
ATS_2013_051,A,late,ATS,F,53.6,1.63
ATS_2013_062,A,late,ATS,F,72.9,2.92
ATS_2013_066,B,late,ATS,F,70.9,3.24
ATS_2013_072,A,late,ATS,M,65.2,2.38
ATS_2013_074,A,late,ATS,F,55.7,1.62
ATS_2013_074, A,late,ATS,F,55.7,1.62
ATS_2013_077,A,mid,ATS,M,61,2.16
ATS_2013_078,B,mid,ATS,F,74.2,4.56
ATS_2013_080,A,late,ATS,M,81.6,5.83
ATS_2013_081,A,late,ATS,F,60.3,2.38
ATS_2013_087,B,mid,ATS,F,74.5,3.34
ATS_2013_091,A,mid,ATS,M,68.9,3.06
ATS_2013_094,A,mid,ATS,M,77.6,5.22
ATS_2013_098,B,late,ATS,M,56.5,1.62
ATS_2013_099,B,mid,ATS,F,72.5,3.77
ATS_2013_102,A,mid,ATS,F,57.5,2.06
ATS_2013_113,A,early,ATS,M,59.5,1.96
ATS_2013_114,B,mid,ATS,F,73,4.83
ATS_2013_116,B,early,ATS,F,51.5,1.36
ATS_2013_117,A,late,ATS,M,58.5,2.03
ATS_2013_118,B,late,ATS,M,55,1.37
ATS_2013_126,B,late,ATS,M,79.9,4.13
ATS_2013_126, B,late,ATS,M,79.9,4.13
ATS_2013_131,B,mid,ATS,F,71.2,3.22
ATS_2013_134,A,late,ATS,F,71,3.27
ATS_2013_134, B,late,ATS,F,71,3.27
ATS_2013_135,B,mid,ATS,F,70,2.99
ATS_2013_136,A,early,ATS,M,58.5,2.02
ATS_2013_136, A,early,ATS,M,58.5,2.02
ATS_2013_138,A,mid,ATS,F,56.5,1.9
ATS_2013_140,A,late,ATS,M,57.3,1.79
ATS_2013_140, B,mid,ATS,M,57.3,1.79
ATS_2013_141,B,late,ATS,F,59.2,2.09
ATS_2013_144,A,late,ATS,M,75.8,3.41
ATS_2013_144, B,early,ATS,M,75.8,3.41
ATS_2013_147,A,mid,ATS,M,59.6,2.26
ATS_2013_153,B,late,ATS,M,60.5,2.2
ATS_2013_153, B,early,ATS,M,60.5,2.2
ATS_2013_155,B,mid,ATS,F,52.5,1.58
ATS_2013_155, B,mid,ATS,F,52.5,1.58
ATS_2013_156,A,late,ATS,F,73,4.23
ATS_2013_159,A,early,ATS,M,59.7,2.25
ATS_2013_162,B,mid,ATS,M,60.2,2.07
ATS_2013_164,A,late,ATS,M,62,2.08
ATS_2013_164, A,mid,ATS,M,62,2.08
ATS_2013_164, B,late,ATS,M,62,2.08
ATS_2013_164, B,mid,ATS,M,62,2.08
ATS_2013_168,B,early,ATS,M,58,1.7
ATS_2013_169,A,mid,ATS,M,60,1.82
ATS_2013_170,B,early,ATS,M,66.5,2.15
ATS_2013_172,B,late,ATS,F,67.4,3.39
ATS_2013_173,B,mid,ATS,F,74.5,3.26
ATS_2013_177,B,mid,ATS,M,76,3.77
ATS_2013_184,B,early,ATS,M,52.7,1.88
ATS_2013_188,B,mid,ATS,F,58,1.52
ATS_2013_189,B,mid,ATS,F,57.6,1.39
ATS_2013_190,B,early,ATS,F,73,4.11
ATS_2013_192,A,late,ATS,F,75,3.8
ATS_2013_192, A,late,ATS,F,75,3.8
ATS_2013_192, B,late,ATS,F,75,3.8
ATS_2013_192, B,late,ATS,F,75,3.8
ATS_2013_198,B,mid,ATS,F,74,3.73
ATS_2013_198, B,late,ATS,F,74,3.73
ATS_2013_202,A,late,ATS,M,60.5,1.66
ATS_2013_203,B,mid,ATS,M,57,1.5
ATS_2013_204,B,late,ATS,M,72.5,3.1
ATS_2013_205,B,late,ATS,M,73.5,3.51
ATS_2013_209,A,mid,ATS,M,58,1.92
ATS_2013_211,B,mid,ATS,F,54,1.16
ATS_2013_213,B,mid,ATS,F,65.5,2.81
ATS_2013_214,B,mid,ATS,M,56,1.62
ATS_2013_222,B,late,ATS,F,74.5,3.95
ATS_2013_225,A,mid,ATS,F,70,2.77
ATS_2013_225, A,late,ATS,F,70,2.77
ATS_2013_231,A,mid,ATS,M,59.9,
ATS_2013_231, B,early,ATS,M,59.9,
ATS_2013_234,A,late,ATS,F,69,2.86
ATS_2013_234, B,early,ATS,F,69,2.86
ATS_2013_236,B,late,ATS,M,63.5,
ATS_2013_237,A,mid,ATS,M,66,
ATS_2013_237, B,mid,ATS,M,66,
ATS_2013_247,A,late,ATS,M,60,
ATS_2013_247, A,late,ATS,M,60,
ATS_2013_252,A,late,ATS,M,52,
ATS_2013_258,A,mid,ATS,M,55.2,
ATS_2013_259,A,mid,ATS,M,67,
ATS_2013_263,A,late,ATS,M,61,
ATS_2013_267,A,late,ATS,F,67.5,3.26
ATS_2013_270,A,late,ATS,F,70.5,3.2
ATS_2013_274,B,mid,ATS,F,74.5,3.39
ATS_2013_276,A,late,ATS,M,61,
ATS_2013_278,B,late,ATS,M,59,
ATS_2013_280,B,mid,ATS,M,77,
ATS_2013_281,B,mid,ATS,M,59,
ATS_2013_288,B,mid,ATS,F,70.5,3.86
ATS_2013_288, B,mid,ATS,F,70.5,3.86
ATS_2013_291,B,mid,ATS,M,59.5,
ATS_2013_294,A,mid,ATS,M,60,
ATS_2013_298,A,late,ATS,F,68.8,3.38
ATS_2013_303,A,late,ATS,F,72.3,4.11
ATS_2013_303, B,early,ATS,F,72.3,4.11
ATS_2013_305,A,late,ATS,F,69.5,4.2
ATS_2013_306,B,late,ATS,F,59,2.4
ATS_2013_309,B,late,ATS,M,51.7,1.1
ATS_2013_311,A,late,ATS,F,71.4,3.89
ATS_2013_312,A,early,ATS,M,44.6,0.92
ATS_2013_315,A,early,ATS,F,71.3,4.25
ATS_2013_324,A,early,ATS,M,55,
ATS_2013_326,A,late,ATS,M,57.5,1.45
ATS_2013_328,A,late,ATS,F,51.6,1.45
ATS_2013_332,A,late,ATS,F,63.6,2.82
ATS_2013_332, B,late,ATS,F,63.6,2.82
ATS_2013_336,A,late,ATS,M,57.5,1.61
ATS_2013_337,B,late,ATS,F,74.9,4.44
ATS_2013_337, B,late,ATS,F,74.9,4.44
ATS_2013_340,B ,late,ATS,F,72,3.16
ATS_2013_342,B,mid,ATS,F,62.3,2.6
ATS_2013_342, B,late,ATS,F,62.3,2.6
ATS_2013_346,B,mid,ATS,M,67.1,2.06
ATS_2013_346, B,late,ATS,M,67.1,2.06
ATS_2013_347,B,late,ATS,F,70.2,2.88
ATS_2013_347, B,mid,ATS,F,70.2,2.88
ATS_2013_348,A,early,ATS,M,60.4,1.86
ATS_2013_353,A,late,ATS,F,55.5,1.81
ATS_2013_354,B,early,ATS,M,56.2,1.63
ATS_2013_356,A,early,ATS,F,55.9,1.72
ATS_2013_357,A,late,ATS,F,58,2.12
ATS_2013_358,B,late,ATS,M,56.1,1.54
ATS_2013_359,B,late,ATS,M,53.2,1.69
ATS_2013_360,B,late,ATS,F,65.9,2.2
ATS_2013_361,B,early,ATS,F,72.5,3.64
ATS_2013_363,B,mid,ATS,F,53.6,1.63
ATS_2013_366,B,late,ATS,F,68.1,2.73
ATS_2013_367,A,late,ATS,F,72,4.08
ATS_2013_368,B,late,ATS,F,75.5,3.55
ATS_2013_369,B,mid,ATS,F,53.4,1.56
ATS_2013_373,A,late,ATS,F,55.5,1.78
ATS_2013_374,B,late,ATS,F,51.9,1.2
ATS_2013_376,B,late,ATS,F,68.3,2.67
ATS_2013_378,B,mid,ATS,F,73.6,4
ATS_2014_004,A,early,ATS,M,59,2.15
ATS_2014_006,B,late,ATS,M,61,1.4
ATS_2014_011,A,mid,ATS,M,70,3.25
ATS_2014_017,B,early,ATS,F,65,2.49
ATS_2014_017, B,early,ATS,F,65,2.49
ATS_2014_017, A,late,ATS,F,65,2.49
ATS_2014_018,B,late,ATS,F,76,5.1
ATS_2014_020,A,mid,ATS,M,60,2.16
ATS_2014_023,A,early,ATS,F,56,2.41
ATS_2014_027,A,late,ATS,F,56.5,2.48
ATS_2014_029,B,late,ATS,F,56,2.18
ATS_2014_035,B,mid,ATS,M,58,1.65
ATS_2014_037,A,late,ATS,M,54,1.35
ATS_2014_037, B,late,ATS,M,54,1.35
ATS_2014_052,B,late,ATS,M,60,1.8
ATS_2014_056,A,late,ATS,F,56,2
ATS_2014_057,B,mid,ATS,M,88,5.79
ATS_2014_058,A,late,ATS,M,78,4.13
ATS_2014_074,B,early,ATS,M,58,1.75
ATS_2014_077,B,late,ATS,F,60,2.19
ATS_2014_085,B,late,ATS,F,77,4.4
ATS_2014_092,A,mid,ATS,F,51,1.54
ATS_2014_093,A,early,ATS,F,75,4.3
ATS_2014_094,B,late,ATS,F,80,6.54
ATS_2014_095,B,late,ATS,F,71,3.46
ATS_2014_095, B,late,ATS,F,71,3.46
ATS_2014_098,A,mid,ATS,F,64,3
ATS_2014_100,B,mid,ATS,F,52,1.65
ATS_2014_101,B,mid,ATS,F,57,1.32
ATS_2014_110,B,late,ATS,F,60,2.24
ATS_2014_113,B,late,ATS,F,56,2.03
ATS_2014_116,B,late,ATS,F,56,1.81
ATS_2014_120,B,late,ATS,F,73,3.44
ATS_2014_122,B,late,ATS,M,57,2.27
ATS_2014_126,B,mid,ATS,F,57,1.69
ATS_2014_136,A,late,ATS,M,73,3.75
ATS_2014_138,B,late,ATS,F,55.5,1.92
ATS_2014_141,B,mid,ATS,F,65,3.21
ATS_2014_142,B,late,ATS,F,70,3.44
ATS_2014_147,B,mid,ATS,F,55,1.76
ATS_2014_155,B,late,ATS,M,54.1,1.58
ATS_2014_158,B,mid,ATS,F,56.3,1.95
ATS_2014_159,B,mid,ATS,F,73,4.2
ATS_2014_160,B,early,ATS,F,74,3.08
ATS_2014_162,B,mid,ATS,F,68.3,3.55
ATS_2014_171,B,late,ATS,F,64,2.56
ATS_2014_174,B,late,ATS,F,56.5,2
ATS_2014_176,B,mid,ATS,M,54.4,1.65
ATS_2014_177,B,mid,ATS,F,70,3.55
ATS_2014_186,B ,late,ATS,F,67,2.58
ATS_2014_213,A,mid,ATS,F,66,3.03
ATS_2014_215,A,mid,ATS,F,71,4.02
ATS_2015_001,A,late,ATS,M,55.8,1.55
ATS_2015_003,B,late,ATS,F,75.6,4.56
ATS_2015_014,B,late,ATS,F,65.6,2.1
ATS_2015_014, B,late,ATS,F,65.6,2.1
ATS_2015_017,A,late,ATS,M,55.1,1.81
ATS_2015_030,B,late,ATS,F,70.5,3.05
ATS_2015_041,B,late,ATS,F,64.9,2.4
ATS_2015_047,B,late,ATS,F,69,3.3
ATS_2015_062,A,late,ATS,F,79,4.1
ATS_2015_063,B,late,ATS,M,57.8,1.75
ATS_2015_067,B,late,ATS,F,76,4.13
ATS_2015_072,B,late,ATS,M,72,3.28
ATS_2015_074,B,late,ATS,F,70.6,3.48
ATS_2015_078,A,mid,ATS,M,60,1.96
ATS_2015_080,B,late,ATS,M,58.8,1.8
ATS_2015_087,B,late,ATS,F,71,3.24
ATS_2015_088,B,late,ATS,F,57,1.75
ATS_2015_089,A,mid,ATS,F,58.5,2.16
ATS_2015_089, A ,mid,ATS,F,58.5,2.16
ATS_2015_094,B,late,ATS,M,57,1.75
ATS_2015_104,B,mid,ATS,F,63,2.5
ATS_2015_105,B,late,ATS,F,72,3.19
ATS_2015_107,B,mid,ATS,F,63,3.14
ATS_2015_116,B,early,ATS,M,56,1.64
ATS_2015_119,B,late,ATS,M,67.5,2.84
ATS_2015_122,B,late,ATS,F,65,3.57
ATS_2015_123,B,late,ATS,M,60,1.46
ATS_2015_126,B,early,ATS,M,63.5,1.82
ATS_2015_131,A,late,ATS,M,68,2.94
ATS_2015_134,A,late,ATS,M,59.5,1.86
ATS_2015_138,B,mid,ATS,F,65.5,2.47
ATS_2015_140,A,late,ATS,M,71.5,2.65
ATS_2015_141,A,mid,ATS,M,57.5,1.87
ATS_2015_144,A,early,ATS,F,70,3.3
ATS_2015_145,A,late,ATS,F,68,2.46
ATS_2015_148,A,late,ATS,M,65.5,2.98
ATS_2015_152,A,late,ATS,M,55,1.67
ATS_2015_156,A,mid,ATS,M,54,1.93
ATS_2015_162,B,early,ATS,F,65,2.93
ATS_2015_170,B,early,ATS,M,75,3.6
ATS_2015_173,B,late,ATS,F,53,1.56
ATS_2015_177,B,early,ATS,M,69.5,3.01
ATS_2015_179,B,early,ATS,F,69.1,2.9
ATS_2015_180,B,late,ATS,M,62,2.33
ATS_2015_195,B,mid,ATS,F,53,1.47
ATS_2015_196,B,late,ATS,F,71.5,3.75
ATS_2015_197,A,early,ATS,F,65.5,2.93
ATS_2015_199,B,early,ATS,M,56.5,1.88
ATS_2015_211,A,late,ATS,M,54,1.25
ATS_2015_213,B,late,ATS,F,66,3.26
ATS_2015_219,A,late,ATS,F,70.7,3.27
ATS_2015_220,A ,late,ATS,F,51,1.32
ATS_2015_223,B,late,ATS,F,68,3.78
ATS_2015_223, B,late,ATS,F,68,3.78
ATS_2015_226,A,late,ATS,F,65.5,3.47
ATS_2015_228,B,late,ATS,F,67,2.56
ATS_2015_231,A,late,ATS,M,75,3.69
ATS_2015_233,B,late,ATS,F,66.2,2.59
ATS_2015_234,A,late,ATS,F,64.4,1.86
ATS_2015_236,A,late,ATS,M,59.8,1.91
ATS_2015_242,A,late,ATS,F,68.5,3.54
ATS_2015_244,B,late,ATS,F,66.2,2.58
ATS_2015_254,B,late,ATS,M,76.5,3.44
ATS_2015_261,A,late,ATS,F,68,2.64
ATS_2015_261, A,late,ATS,F,68,2.64
ATS_2015_262,A,late,ATS,F,60.1,2.52
ATS_2015_271,A,early,ATS,F,65.8,2.68
ATS_2015_271, A,late,ATS,F,65.8,2.68
ATS_2015_271, A,late,ATS,F,65.8,2.68
ATS_2015_278,A,late,ATS,F,54.2,1.57
ATS_2015_279,A,late,ATS,F,70.5,3.4
ATS_2015_283,A,late,ATS,M,70,3
ATS_2015_284,A,late,ATS,F,73.1,3.17
ATS_2015_286,B,late,ATS,F,67,3.56
ATS_2015_290,A,early,ATS,M,62.3,2.2
ATS_2015_291,A,mid,ATS,F,31,3.16
ATS_2015_299,A,late,ATS,F,56.5,2.57
ATS_2015_309,A,late,ATS,F,67.2,3.22
ATS_2015_310,A,late,ATS,F,70.4,3.35
ATS_2015_310, A,late,ATS,F,70.4,3.35
ATS_2015_310, A,late,ATS,F,70.4,3.35
ATS_2015_311,A,early,ATS,M,69.5,2.72
ATS_2015_316,A,late,ATS,F,72.2,3.12
ATS_2015_316, A,late,ATS,F,72.2,3.12
ATS_2015_316, A,late,ATS,F,72.2,3.12
ATS_2015_316, A,late,ATS,F,72.2,3.12
ATS_2015_336,A,mid,ATS,F,63.6,2.73
ATS_2015_337,B,late,ATS,F,57,2.31
ATS_2015_347,B,late,ATS,F,56.9,1.03
ATS_2015_347, B,late,ATS,F,56.9,1.03
ATS_2016_004,B,mid,ATS,M,66.5,2.7
ATS_2016_006,B,late,ATS,M,75,3.9
ATS_2016_009,B,late,ATS,M,73.6,3.3
ATS_2016_022,A,mid,ATS,M,64,2.35
ATS_2016_023,B,mid,ATS,M,67,2.58
ATS_2016_024,B,late,ATS,M,77.5,4.1
ATS_2016_027, B,late,ATS,M,74.5,3.45
ATS_2016_036,B,late,ATS,M,76.5,3.8
ATS_2016_037,B,early,ATS,F,69.5,3.4
ATS_2016_038,B,late,ATS,M,77,3.7
ATS_2016_042,A,late,ATS,M,76,3.26
ATS_2016_045,B ,mid,ATS,F,68.5,2.8
ATS_2016_047,B,late,ATS,F,66,3.61
ATS_2016_049,B,late,ATS,M,48,0.87
ATS_2016_050,B,mid,ATS,M,83,5.03
ATS_2016_052,B,late,ATS,F,65,2.73
ATS_2016_056,B,late,ATS,F,69,4.1
ATS_2016_067,B,late,ATS,F,64.5,2.4
ATS_2016_073,B,late,ATS,F,66,3.65
ATS_2016_075,A,early,ATS,M,74,3.4
ATS_2016_077,B,early,ATS,M,74,3.75
ATS_2016_080,B,late,ATS,F,73,3.73
ATS_2016_092,B,late,ATS,M,75,4.3
ATS_2016_095,B,late,ATS,F,67.5,3.24
ATS_2016_096,B,late,ATS,M,76,4.08
ATS_2016_115,B,mid,ATS,M,82,4.8
ATS_2016_117,B,mid,ATS,M,78.5,5.8
ATS_2016_123,B,late,ATS,M,72,3.8
ATS_2016_125,B,late,ATS,F,69,3.4
ATS_2016_129,B,late,ATS,M,74,4.1
ATS_2016_133,A,mid,ATS,M,72,2.7
ATS_2016_133, B,late,ATS,M,72,2.7
ATS_2016_153,B,late,ATS,M,77,3.74
ATS_2016_157,A,late,ATS,M,71,3
ATS_2016_158,B,late,ATS,F,63,2.79
ATS_2016_158, B,late,ATS,F,63,2.79
ATS_2016_158, B,early,ATS,F,63,2.79
ATS_2016_160,A,late,ATS,F,68,3.77
ATS_2016_160, B,late,ATS,F,68,3.77
ATS_2016_166,B,late,ATS,M,62,1.87
ATS_2016_195,A,early,ATS,F,69,2.92
ATS_2016_196,A,mid,ATS,M,76,3.53
ATS_2016_207,B,late,ATS,F,66.5,2.8
ATS_2016_212,B,late,ATS,F,71.5,3.15
ATS_2016_219,A,mid,ATS,M,62.5,1.8
ATS_2016_240,A,mid,ATS,M,72,3.8
ATS_2016_262,B,mid,ATS,M,61,1.2
ATS_2016_263,B,mid,ATS,F,65,2.64
ATS_2016_267,B,late,ATS,F,68,3.1
ATS_2016_279,A,late,ATS,F,68,3.9
ATS_2016_310,B,late,ATS,F,79.8,
ATS_2016_315,B,late,ATS,F,71.6,
ATS_2017_004,B,late,ATS,F,69.3,3.06
ATS_2017_011,B,mid,ATS,M,62,2.3
ATS_2017_021,A,late,ATS,M,59,2.3
ATS_2017_061,B,early,ATS,M,60.5,2.1
ATS_2017_061, A,late,ATS,M,60.5,2.1
ATS_2017_077,A,late,ATS,M,55.3,1.7
ATS_2017_090,A,late,ATS,M,55,1.85
ATS_2017_093,B,late,ATS,M,59,2
ATS_2017_098,B,late,ATS,M,69,3
ATS_2017_115,B,late,ATS,F,55,1.8
ATS_2017_121,A,early,ATS,M,64,2.1
ATS_2017_123,A,late,ATS,M,59.4,2
ATS_2017_124,A,late,ATS,M,74,4.2
ATS_2017_127,A,late,ATS,M,61,2.2
ATS_2017_135,A,late,ATS,F,57.3,1.8
ATS_2017_152,A,early,ATS,M,58,1.7
ATS_2017_169,A,early,ATS,M,58.3,1.85
ATS_2017_191,B,mid,ATS,F,55,1.88
ATS_2017_195,B,mid,ATS,F,54.1,1.85
ATS_2017_204,B,late,ATS,F,53.9,2
ATS_2017_205,B,late,ATS,F,62.9,2.55
ATS_2017_215,B,mid,ATS,M,63.5,3.09
ATS_2017_216,B,late,ATS,M,60,2.21
ATS_2017_219,B,mid,ATS,M,57,2.3
ATS_2017_234,B,mid,ATS,M,56,1.32
ATS_2017_242,A,late,ATS,F,55.2,2.04
ATS_2017_250,B,early,ATS,M,60,2.23
ATS_2017_256,B,early,ATS,M,56.5,1.8
ATS_2017_274,B,mid,ATS,M,61.5,2.2
ATS_2017_279,B,late,ATS,F,56,1.65
ATS_2017_284,B,mid,ATS,F,54.5,1.56
ATS_2017_287,B,early,ATS,M,63.7,2.72
ATS_2017_401,B,late,ATS,F,55.2,2.15
ATS_2017_405,B,mid,ATS,F,54.4,1.55
ATS_2017_409,A,late,ATS,F,58.1,2.55
ATS_2017_411,B,late,ATS,F,54.5,2.54
ATS_2017_417,A,late,ATS,F,66.1,1.98
ATS_2017_420,A,late,ATS,F,73,4.05
ATS_2017_422,A,late,ATS,F,59.5,2.8
ATS_2017_427,A,late,ATS,F,59,2.25
ATS_2017_428,A,late,ATS,F,58.3,2.69
ATS_2017_441,A,late,ATS,F,54.8,1.78
ATS_2017_444,A,late,ATS,F,61,2.79
ATS_2017_558,A,late,ATS,M,57.5,1.68
ATS_2017_578,B,early,ATS,F,55,1.8
ATS_2017_618,B,mid,ATS,F,75,4.4
ATS_2018_001,B,late,ATS,M,71.6,3.61
ATS_2018_002,B ,early,ATS,M,72.5,3.5
ATS_2018_009,B,early,ATS,F,55.8,2.07
ATS_2018_010,B,early,ATS,F,71.9,4.45
ATS_2018_010, B,early,ATS,F,71.9,4.45
ATS_2018_011,B,early,ATS,F,67.5,3.39
ATS_2018_011, B,early,ATS,F,67.5,3.39
ATS_2018_012,A,late,ATS,F,69.9,4.5
ATS_2018_014,B,mid,ATS,F,63,1.8
ATS_2018_016,A,late,ATS,F,56,2.03
ATS_2018_017,B,mid,ATS,M,76.6,4.26
ATS_2018_021,B,late,ATS,M,55.9,1.39
ATS_2018_026,A,mid,ATS,F,60,2.13
ATS_2018_027,B,late,ATS,F,65.1,3.2
ATS_2018_035,A,mid,ATS,M,72.3,3.82
ATS_2018_041,B,late,ATS,M,62.4,2.44
ATS_2018_043,B,late,ATS,M,72.2,3.86
ATS_2018_045,B,late,ATS,M,62.2,2.12
ATS_2018_047,B,late,ATS,M,54,1.61
ATS_2018_055,A,late,ATS,M,76.5,4.5
ATS_2018_057,B,mid,ATS,M,54.1,1.62
ATS_2018_058,A,early,ATS,F,54,1.76
ATS_2018_062,A,late,ATS,F,55.1,1.87
ATS_2018_064,B,mid,ATS,F,66.1,3.07
ATS_2018_065,A,mid,ATS,M,73,3.6
ATS_2018_066,A,late,ATS,F,66.3,3.24
ATS_2018_068,A,late,ATS,M,59.4,2.08
ATS_2018_076,A,late,ATS,M,62.2,2.08
ATS_2018_078,B,late,ATS,F,66,3.36
ATS_2018_081,B,late,ATS,M,72.5,3.54
ATS_2018_081,A,late,ATS,M,72.5,3.54
ATS_2018_083,A,mid,ATS,M,62.3,2.51
ATS_2018_088,B,late,ATS,M,58.1,1.8
ATS_2018_096,B,mid,ATS,F,56,1.91
ATS_2018_098,B,late,ATS,F,56.5,1.97
ATS_2018_099,A,late,ATS,F,57.7,2.31
ATS_2018_104,A,late,ATS,F,58,3.75
ATS_2018_108,A,early,ATS,M,80,4.81
ATS_2018_113,A,late,ATS,F,71.5,4.01
ATS_2018_114,A,late,ATS,F,73,4.4
ATS_2018_115,A,mid,ATS,F,55,1.66
ATS_2018_123,B,mid,ATS,M,51.1,1.75
ATS_2018_125,B,early,ATS,F,63.1,2.76
ATS_2018_125,B,late,ATS,F,63.1,2.76
ATS_2018_127,A,late,ATS,M,75.5,3.88
ATS_2018_131,B,mid,ATS,F,61,2.3
ATS_2018_135,A,late,ATS,M,74,3.58
ATS_2018_137,B ,early,ATS,F,69,3.15
ATS_2018_141,B,late,ATS,F,70.7,3.79
ATS_2018_144,B,late,ATS,F,59,1.9
ATS_2018_161,B,early,ATS,F,63.4,2.12
ATS_2018_166,A,late,ATS,F,63.5,2.03
ATS_2018_172,B,late,ATS,M,76.1,5.77
ATS_2018_173,A,mid,ATS,M,71.4,4.65
ATS_2018_182,A,mid,ATS,M,60.8,2.26
ATS_2018_185,B,late,ATS,F,56,2.34
ATS_2018_186,B,late,ATS,M,56,2.04
ATS_2018_190,A,late,ATS,M,58,1.95
ATS_2018_195,A,late,ATS,F,58,1.77
ATS_2018_196,B,mid,ATS,F,67,5.3
ATS_2018_206,A,late,ATS,M,57.1,1.95
ATS_2018_207,A,late,ATS,M,63.5,2.55
ATS_2018_208,A,mid,ATS,F,70.1,3.99
ATS_2018_208,A,late,ATS,F,70.1,3.99
ATS_2018_209,A,late,ATS,F,71.5,3.45
ATS_2018_211,A,late,ATS,F,56.5,2.17
ATS_2018_216,A,late,ATS,M,59.5,1.78
ATS_2018_224,A,late,ATS,M,75.5,3.77
ATS_2018_225,A,late,ATS,F,71.5,3.57
ATS_2018_225,A,late,ATS,F,71.5,3.57
ATS_2018_227,A,late,ATS,F,66.5,2.79
ATS_2018_227,A,late,ATS,F,66.5,2.79
ATS_2018_227,A,late,ATS,F,66.5,2.79
ATS_2018_232,A,late,ATS,F,71.5,3.91
ATS_2018_233,A,late,ATS,F,69,3.15
ATS_2018_233,A,late,ATS,F,69,3.15
ATS_2018_236,A,late,ATS,F,67.5,3.09
ATS_2018_236,A,late,ATS,F,67.5,3.09
ATS_2018_238,A,mid,ATS,F,71.5,4.48
ATS_2018_238,A,mid,ATS,F,71.5,4.48
ATS_2018_238,A,mid,ATS,F,71.5,4.48
ATS_2018_239,A,late,ATS,F,56.4,2.09
ATS_2018_241,A,late,ATS,M,59.8,2.17
ATS_2018_241,A,mid,ATS,M,59.8,2.17
ATS_2018_242,A,late,ATS,M,61.5,2.2
ATS_2018_243,A,mid,ATS,M,66.5,3.08
ATS_2018_243,A,late,ATS,M,66.5,3.08
ATS_2018_248,B,late,ATS,F,77.5,4.73
ATS_2018_260,B,late,ATS,M,73,3.93
ATS_2018_277,B,mid,ATS,M,71.1,3.78
ATS_2018_278,B,late,ATS,F,67,2.74
ATS_2018_281,B,late,ATS,M,75.5,3.95
ATS_2018_283,B,mid,ATS,M,81,5.4
ATS_2018_284,B,late,ATS,F,66.5,3.81
ATS_2018_284,B,late,ATS,F,66.5,3.81
ATS_2018_291,B,mid,ATS,F,56.1,2.15
ATS_2018_291,B,late,ATS,F,56.1,2.15
ATS_2018_292,B,late,ATS,F,57.5,2.01
ATS_2018_293,B,mid,ATS,F,35,1.36
ATS_2018_295,A,late,ATS,F,69.7,2.82
ATS_2018_295,A,late,ATS,F,69.7,2.82
ATS_2018_295,A,late,ATS,F,69.7,2.82
ATS_2018_295,A,late,ATS,F,69.7,2.82
ATS_2018_298,B,late,ATS,M,70.5,2.9
ATS_2018_300,B,mid,ATS,M,73.5,3.7
ATS_2018_302,A,late,ATS,F,55.5,1.5
ATS_2018_310,A,late,ATS,M,71.5,3.76
ATS_2018_311,B,late,ATS,M,71.9,3.35
ATS_2018_313,B,late,ATS,F,60.4,2.56
ATS_2018_313,B,late,ATS,F,60.4,2.56
ATS_2018_313,B,late,ATS,F,60.4,2.56
ATS_2018_317,A,late,ATS,F,52,1.4
ATS_2018_317,B,late,ATS,F,52,1.4
ATS_2018_321,A,early,ATS,M,72.6,4.02
ATS_2018_323,B,late,ATS,M,70,3.22
ATS_2018_324,B,early,ATS,F,70.2,3.47
ATS_2018_324,B,early,ATS,F,70.2,3.47
ATS_2018_324,A,early,ATS,F,70.2,3.47
ATS_2018_324,B,early,ATS,F,70.2,3.47
ATS_2018_327,B,late,ATS,F,55,2.11
ATS_2018_329,B,late,ATS,F,55.5,1.99
ATS_2018_329,B,late,ATS,F,55.5,1.99
ATS_2018_331,B,mid,ATS,F,62.5,2.53
ATS_2018_332,B,late,ATS,F,58.5,2.48
ATS_2018_334,B,late,ATS,M,65.2,2.49
ATS_2018_334,B,late,ATS,M,65.2,2.49
ATS_2018_334,B,late,ATS,M,65.2,2.49
ATS_2018_334,B,late,ATS,M,65.2,2.49
ATS_2018_335,B,late,ATS,M,57,1.91
ATS_2018_335,B,late,ATS,M,57,1.91
ATS_2018_337,B,late,ATS,F,56.5,1.65
ATS_2018_339,B,late,ATS,F,69,3.63
ATS_2018_339,B,late,ATS,F,69,3.63
ATS_2018_340,B,late,ATS,F,57.1,1.96
ATS_2018_340,B,late,ATS,F,57.1,1.96
ATS_2018_341,B,late,ATS,F,66.2,3.38
ATS_2018_343,B,late,ATS,F,55.5,1.73
ATS_2018_344,B,late,ATS,F,67.5,2.67
ATS_2018_345,B,early,ATS,M,67.1,3.38
ATS_2018_346,B,late,ATS,F,68.6,3.39
ATS_2018_348,B,mid,ATS,F,54,1.66
ATS_2018_348,B,late,ATS,F,54,1.66
ATS_1990_003,A,early,ATS,M,58.4,1.36
ATS_1990_004,A,early,ATS,M,55.9,1.13
ATS_1990_013,A,early,ATS,F,73.7,4.08
CHIN_1992_008,A,early,CHIN,M,51.4,
ATS_1992_007,A,mid,ATS,F,78.7,5.44
CHIN_1992_020,A,early,CHIN,M,69.9,3.33
CHIN_1992_022,A,mid,CHIN,M,63.5,2.49
CHIN_1992_023,A,early,CHIN,M,101.6,10.43
CHIN_1992_024,A,mid,CHIN,M,52.1,1.36
CHIN_1992_026,A,mid,CHIN,M,58.4,
ATS_1992_010,A,mid,ATS,F,64.8,3.86
CHIN_1992_032,A,mid,CHIN,M,57.2,
ATS_1992_012,A,mid,ATS,F,75.6,4.31
CHIN_1992_034,A,early,CHIN,M,76.2,
CHIN_1992_035,A,early,CHIN,M,94,
ATS_1992_016,A,early,ATS,M,43.8,1.13
CHIN_1992_041,A,mid,CHIN,M,78.7,
CHIN_1992_042,A,mid,CHIN,M,62.2,
RBT_1992_005,A,early,RBT,F,58.4,1.81
CHIN_1992_043,A,mid,CHIN,M,58.4,
CHIN_1992_044,A,early,CHIN,M,57.2,
CHIN_1992_047,A,mid,CHIN,M,53.3,
BRT_1992_009,A,early,BRT,M,57.2,
CHIN_1992_048,A,mid,CHIN,M,80,
CHIN_1992_049,A,early,CHIN,M,61,
BRT_1992_014,A,early,BRT,M,38.1,
BRT_1992_016,A,early,BRT,M,48.3,
CHIN_1992_056,A,early,CHIN,M,50.8,
CHIN_1992_079,A,early,CHIN,M,62.2,
CHIN_1992_080,A,mid,CHIN,M,61,
CHIN_1992_081,A,early,CHIN,M,88.9,
CHIN_1992_082,A,early,CHIN,M,66, 
CHIN_1992_083,A,early,CHIN,M,94,
CHIN_1992_087,A,late,CHIN,F,88.9,7.94
BRT_1992_022,A,early,BRT,F,58.4,
RBT_1992_009,A,early,RBT,F,50.8,
CHIN_1992_089,A,early,CHIN,M,88.9,
CHIN_1992_090,A,mid,CHIN,M,96.5,
CHIN_1992_091,A,early,CHIN,M,101.6,
CHIN_1992_095,A,early,CHIN,M,63.5,
CHIN_1992_096,A,early,CHIN,F,83.8,
CHIN_1992_098,A,early,CHIN,M,55.9,
CHIN_1992_099,A,early,CHIN,M,88.9,
CHIN_1992_100,A,early,CHIN,M,61,
CHIN_1992_101,A,mid,CHIN,M,76.2,
CHIN_1992_102,A,mid,CHIN,M,63.5,
CHIN_1992_103,A,early,CHIN,M,88.9,
CHIN_1992_106,A,mid,CHIN,M,101.6,
CHIN_1992_107,A,early,CHIN,M,50.8,
CHIN_1992_108,A,early,CHIN,M,48.3,
CHIN_1992_109,A,early,CHIN,M,61,
CHIN_1992_110,A,early,CHIN,M,58.4,
CHIN_1992_113,A,early,CHIN,M,91.4,
CHIN_1992_117,A,mid,CHIN,M,86.4,
CHIN_1992_119,A,early,CHIN,M,58.4,
CHIN_1992_120,A,mid,CHIN,F,92.7,
CHIN_1992_121,A,mid,CHIN,M,76.2,
CHIN_1992_122,A,mid,CHIN,M,78.7,
CHIN_1992_124,A,early,CHIN,F,83.8,
CHIN_1992_125,A,early,CHIN,M,88.9,
CHIN_1992_126,A,early,CHIN,F,91.4,
CHIN_1992_127,A,early,CHIN,M,77.5,
CHIN_1992_129,A,early,CHIN,M,66.7,
LKT_1992_001,A,early,LKT,F,71.1,
BRT_1992_025,A,early,BRT,M,39.4,
BRT_1992_028,A,early,BRT,M,59.1,
CHIN_1992_133,A,early,CHIN,M,61.6,
CHIN_1992_134,A,early,CHIN,M,59.1,
CHIN_1992_136,A,early,CHIN,M,86.4,
CHIN_1992_137,A,early,CHIN,M,97.8,
CHIN_1992_138,A,early,CHIN,F,83.8,
CHIN_1992_139,A,early,CHIN,M,57.2,
CHIN_1992_140,A,early,CHIN,M,54.6,
CHIN_1992_141,A,early,CHIN,M,64.8,
CHIN_1992_142,A,early,CHIN,M,62.9,
CHIN_1992_144,A,early,CHIN,F,94,
CHIN_1992_145,A,early,CHIN,M,90.2,
CHIN_1992_149,A,early,CHIN,M,102.9,
CHIN_1992_150,A,early,CHIN,F,94,
CHIN_1992_151,A,early,CHIN,M,81.3,
CHIN_1992_152,A,early,CHIN,M,50.8,
CHIN_1992_154,A,early,CHIN,M,52.1,
CHIN_1992_156,A,early,CHIN,M,55.2,
BRT_1992_035,A,early,BRT,M,42.5,
CHIN_1992_159,A,early,CHIN,M,106.7,
CHIN_1992_160,A,early,CHIN,M,100.3,
CHIN_1992_161,A,early,CHIN,M,56.5,
CHIN_1992_162,A,early,CHIN,M,87.6,
ATS_1992_017,A,early,ATS,F,71.8,3.18
BRT_1992_036,A,early,BRT,F,52.1,
BRT_1992_037,A,early,BRT,F,42.5,
RBT_1992_017,A,early,RBT,M,54.6,
RBT_1992_018,A,early,RBT,M,50.2,
CHIN_1992_164,A,early,CHIN,M,43.2,
CHIN_1992_166,A,early,CHIN,M,58.4,
CHIN_1992_167,A,early,CHIN,M,50.8,
CHIN_1992_168,A,early,CHIN,M,48.3,
CHIN_1992_169,A,early,CHIN,F,81.3,
CHIN_1992_172,A,early,CHIN,M,63.5,
CHIN_1992_173,A,early,CHIN,M,53.3,
CHIN_1992_174,A,early,CHIN,M,53.3,
CHIN_1992_175,A,early,CHIN,M,80.6,
CHIN_1992_176,A,early,CHIN,M,86.4,
CHIN_1992_177,A,early,CHIN,F,87.6,
CHIN_1992_180,A,early,CHIN,F,87.6,
CHIN_1992_181,A,early,CHIN,M,63.5,
CHIN_1992_182,A,early,CHIN,F,87.6,
CHIN_1992_183,A,early,CHIN,F,85.1,
CHIN_1992_186,A,early,CHIN,M,62.2,
CHIN_1992_187,A,early,CHIN,M,58.4,
BRT_1992_044,A,early,BRT,F,45.7,
BRT_1992_050,A,early,BRT,M,45.7,
RBT_1992_025,A,early,RBT,M,81.3,
RBT_1992_028,A,early,RBT,M,52.1,
RBT_1992_030,A,early,RBT,M,48.3,
RBT_1992_032,A,early,RBT,M,49.5,
WHT_1992_020,A,early,WHT,F,55.9,
CHIN_1992_190,A,early,CHIN,M,50.8,
CHIN_1992_191,A,early,CHIN,M,61,
CHIN_1992_193,A,early,CHIN,M,50.8,
CHIN_1992_194,A,early,CHIN,M,114.3,
CHIN_1992_195,A,early,CHIN,M,50.8,
CHIN_1992_196,A,early,CHIN,M,71.1,
CHIN_1992_197,A,early,CHIN,M,63.5,
CHIN_1992_198,A,early,CHIN,M,61,
CHIN_1992_199,A,early,CHIN,M,48.3,
CHIN_1992_202,A,early,CHIN,F,94,
CHIN_1992_204,A,early,CHIN,M,86.4,
CHIN_1992_205,A,early,CHIN,M,63.5,
CHIN_1992_206,A,early,CHIN,M,99.1,
CHIN_1992_207,A,early,CHIN,F,88.9,
CHIN_1992_208,A,early,CHIN,M,88.9,
CHIN_1992_209,A,early,CHIN,M,50.8,
CHIN_1992_210,A,early,CHIN,M,50.8,
CHIN_1992_211,A,early,CHIN,M,48.3,
CHIN_1992_212,A,early,CHIN,M,55.9,
CHIN_1992_213,A,early,CHIN,M,76.2,
RBT_1992_035,A,early,RBT,M,61,
RBT_1992_037,A,early,RBT,M,52.1,
RBT_1992_038,A,early,RBT,F,55.9,
RBT_1992_040,A,early,RBT,M,55.9,
CHIN_1992_214,A,early,CHIN,M,55.9,
CHIN_1992_215,A,early,CHIN,M,58.4,
CHIN_1992_216,A,early,CHIN,M,68.6,
CHIN_1992_217,A,early,CHIN,M,55.9,
CHIN_1992_218,A,early,CHIN,M,48.3,
CHIN_1992_219,A,early,CHIN,M,78.7,
CHIN_1992_220,A,early,CHIN,M,88.9,
CHIN_1992_221,A,early,CHIN,F,94,
CHIN_1992_224,A,early,CHIN,M,58.4,
CHIN_1992_225,A,early,CHIN,M,61,
CHIN_1992_227,A,early,CHIN,M,61,
CHIN_1992_228,A,early,CHIN,M,55.9,
CHIN_1992_229,A,early,CHIN,M,91.4,
CHIN_1992_230,A,early,CHIN,F,94,
CHIN_1992_231,A,early,CHIN,M,94,
BRT_1992_053,A,early,BRT,M,43.8,
BRT_1992_054,A,early,BRT,M,53.3,
BRT_1992_055,A,early,BRT,M,45.7,
RBT_1992_044,A,early,RBT,F,51.4,
RBT_1992_048,A,early,RBT,F,48.3,
RBT_1992_052,A,early,RBT,F,57.2,
CHIN_1992_232,A,early,CHIN,M,58.4,
CHIN_1992_234,A,early,CHIN,M,58.4,
CHIN_1992_235,A,early,CHIN,M,58.4,
CHIN_1992_236,A,early,CHIN,M,51.4,
CHIN_1992_237,A,early,CHIN,M,58.4,
CHIN_1992_241,A,early,CHIN,M,94,
CHIN_1992_242,A,early,CHIN,M,53.3,
CHIN_1992_243,A,early,CHIN,F,86.4,
CHIN_1992_244,A,early,CHIN,M,63.5,
CHIN_1992_245,A,early,CHIN,M,50.8,
CHIN_1992_246,A,early,CHIN,M,76.2,
CHIN_1992_247,A,early,CHIN,M,48.3,
CHIN_1992_248,A,early,CHIN,M,91.4,
CHIN_1992_250,A,early,CHIN,M,94,
CHIN_1992_251,A,early,CHIN,M,53.3,
CHIN_1992_252,A,early,CHIN,M,96.5,
BRT_1992_059,A,early,BRT,M,61,
RBT_1992_059,A,early,RBT,F,55.9,
RBT_1992_060,A,early,RBT,F,58.4,
RBT_1992_062,A,early,RBT,F,73.7,
RBT_1992_064,A,early,RBT,F,52.1,
RBT_1992_066,A,early,RBT,F,54,
RBT_1992_067,A,early,RBT,M,52.1,
CHIN_1992_259,A,early,CHIN,M,66,
CHIN_1992_261,A,early,CHIN,M,50.8,
CHIN_1992_262,A,early,CHIN,M,50.8,
CHIN_1992_263,A,early,CHIN,M,58.4,
CHIN_1992_264,A,early,CHIN,M,48.3,
CHIN_1992_265,A,early,CHIN,M,61,
CHIN_1992_266,A,early,CHIN,M,58.4,
CHIN_1992_267,A,early,CHIN,M,53.3,
CHIN_1992_268,A,early,CHIN,M,58.4,
CHIN_1992_270,A,early,CHIN,M,61,
CHIN_1992_272,A,early,CHIN,M,99.1,
CHIN_1992_273,A,early,CHIN,M,55.9,
CHIN_1992_274,A,early,CHIN,M,50.2,
CHIN_1992_275,A,early,CHIN,M,55.2,
CHIN_1992_279,A,early,CHIN,M,83.8,
BRT_1992_060,A,early,BRT,F,40.6,
BRT_1992_063,A,early,BRT,M,53.3,
RBT_1992_069,A,early,RBT,F,53.3,
RBT_1992_073,A,early,RBT,M,73.7,
WHT_1992_252,A,early,WHT,,53.3,
CHIN_1992_290,A,early,CHIN,M,94,
CHIN_1992_291,A,early,CHIN,M,66,
CHIN_1992_292,A,early,CHIN,M,96.5,
CHIN_1992_293,A,early,CHIN,M,88.9,
CHIN_1992_294,A,early,CHIN,M,53.3,
CHIN_1992_295,A,early,CHIN,M,86.6,
BRT_1992_065,A,early,BRT,F,49.5,
BRT_1992_066,A,early,BRT,M,50.8,
RBT_1992_074,A,early,RBT,F,47,
RBT_1992_076,A,early,RBT,F,66,
RBT_1992_077,A,early,RBT,F,67.3,
WHT_1992_031,A,early,WHT,,50.8,
CHIN_1992_296,A,early,CHIN,M,55.9,
CHIN_1992_297,A,early,CHIN,M,81.3,
CHIN_1992_298,A,early,CHIN,M,76.2,
BRT_1992_068,A,early,BRT,F,62.2,
RBT_1992_079,A,early,RBT,M,53.3,
CHIN_1992_299,A,early,CHIN,M,81.3,
CHIN_1992_301,A,early,CHIN,M,59.7,
CHIN_1992_302,A,early,CHIN,F,76.2,
CHIN_1992_303,A,early,CHIN,M,91.4,
CHIN_1992_304,A,early,CHIN,M,50.8,
CHIN_1992_305,A,early,CHIN,M,50.8,
CHIN_1992_306,A,early,CHIN,M,63.5,
CHIN_1992_307,A,early,CHIN,M,53.3,
CHIN_1992_308,A,early,CHIN,M,61,
CHIN_1992_309,A,early,CHIN,M,59.7,
RBT_1992_083,A,early,RBT,F,63.5,
CHIN_1992_310,A,early,CHIN,M,55.9,
CHIN_1992_311,A,early,CHIN,M,48.3,
CHIN_1992_312,A,early,CHIN,M,63.5,
CHIN_1992_313,A,early,CHIN,M,94,
CHIN_1992_314,A,early,CHIN,M,106.7,
CHIN_1992_315,A,early,CHIN,M,55.9,
CHIN_1992_316,A,early,CHIN,M,61,
CHIN_1992_317,A,early,CHIN,M,73.7,
CHIN_1992_318,A,early,CHIN,M,91.4,
RBT_1992_085,A,early,RBT,M,63.5,
RBT_1992_087,A,early,RBT,F,52.1,
RBT_1992_088,A,early,RBT,M,68.6,
CHIN_1992_319,A,early,CHIN,F,71.1,
CHIN_1992_320,A,early,CHIN,M,53.3,
CHIN_1992_321,A,early,CHIN,M,53.3,
CHIN_1992_322,A,early,CHIN,M,58.4,
CHIN_1992_323,A,early,CHIN,F,88.9,
CHIN_1992_324,A,early,CHIN,M,53.3,
CHIN_1992_326,A,early,CHIN,M,50.8,
BRT_1992_074,A,early,BRT,M,58.4,
CHIN_1992_327,A,early,CHIN,M,94,
CHIN_1992_328,A,early,CHIN,F,88.9,
BRT_1992_076,A,early,BRT,M,55.9,
RBT_1992_077,A,early,RBT,F,67.3,
RBT_1992_089,A,early,RBT,F,81.3,
CHIN_1992_329,A,early,CHIN,M,83.8,
CHIN_1992_330,A,early,CHIN,M,91.4,
CHIN_1992_331,A,early,CHIN,M,86.4,
CHIN_1992_333,A,early,CHIN,M,83.8,
BRT_1992_079,A,early,BRT,F,53.3,
COHO_1992_013,A,early,COHO,F,63.5,
RBT_1992_092,A,early,RBT,M,58.4,
RBT_1992_093,A,early,RBT,M,55.9,
RBT_1992_094,A,early,RBT,M,53.3,
CHIN_1992_334,A,early,CHIN,M,81.3,
CHIN_1992_335,A,early,CHIN,M,86.4,
CHIN_1992_336,A,early,CHIN,M,73.7,
CHIN_1992_337,A,early,CHIN,F,85.1,
BRT_1992_081,A,early,BRT,M,71.1,
COHO_1992_014,A,early,COHO,M,58.4,
RBT_1992_095,A,early,RBT,M,66,
RBT_1992_096,A,early,RBT,F,53.3,
RBT_1992_099,A,early,RBT,M,50.8,
CHIN_1992_333,A,early,CHIN,M,83.8,
CHIN_1992_339,A,early,CHIN,M,40.6,
RBT_1992_102,A,early,RBT,F,45.7,
WHT_1992_041,A,early,WHT,,48.9,
WHT_1992_042,A,early,WHT,,51.4,
CHIN_1992_340,A,early,CHIN,M,76.2,
CHIN_1992_341,A,early,CHIN,M,88.9,
CHIN_1992_343,A,early,CHIN,F,85.1,
RBT_1992_103,A,early,RBT,F,48.3,
CHIN_1992_344,A,early,CHIN,M,55.9,
RBT_1992_104,A,early,RBT,F,48.3,
RBT_1992_105,A,early,RBT,F,53.3,
RBT_1992_106,A,early,RBT,M,76.2,
CHIN_1992_345,A,early,CHIN,M,83.8,
RBT_1992_108,A,early,RBT,F,48.3,
